model,layer_name,layer_key,shape,numel,official_threshold_2048_backend,valid_full_cuda_backend,fallback_reason_official,guard_status,dtype_ok,contiguous_ok,shape_supported,state_owner_stable,q8_supported,rel_l2_contribution,payload_bytes,estimated_time_ms
resnet50,conv1.weight,conv1.weight|torch.float32|64x3x3x3,64x3x3x3,1728,cpu_batch,cuda,numel_below_threshold,pass,True,True,True,True,True,0.000112162,1728,0.581295
resnet50,bn1.weight,bn1.weight|torch.float32|64,64,64,cpu_batch,cuda,numel_below_threshold,pass,True,True,True,True,True,0.000001546,64,0.021529
resnet50,bn1.bias,bn1.bias|torch.float32|64,64,64,cpu_batch,cuda,numel_below_threshold,pass,True,True,True,True,True,0.000001724,64,0.021529
resnet50,layer1.0.conv1.weight,layer1.0.conv1.weight|torch.float32|64x64x1x1,64x64x1x1,4096,cuda,cuda,,pass,True,True,True,True,True,0.000187677,4096,0.001953
resnet50,layer1.0.bn1.weight,layer1.0.bn1.weight|torch.float32|64,64,64,cpu_batch,cuda,numel_below_threshold,pass,True,True,True,True,True,0.000001580,64,0.021529
resnet50,layer1.0.bn1.bias,layer1.0.bn1.bias|torch.float32|64,64,64,cpu_batch,cuda,numel_below_threshold,pass,True,True,True,True,True,0.000001617,64,0.021529
resnet50,layer1.0.conv2.weight,layer1.0.conv2.weight|torch.float32|64x64x3x3,64x64x3x3,36864,cuda,cuda,,pass,True,True,True,True,True,0.000654931,36864,0.017577
resnet50,layer1.0.bn2.weight,layer1.0.bn2.weight|torch.float32|64,64,64,cpu_batch,cuda,numel_below_threshold,pass,True,True,True,True,True,0.000002850,64,0.021529
resnet50,layer1.0.bn2.bias,layer1.0.bn2.bias|torch.float32|64,64,64,cpu_batch,cuda,numel_below_threshold,pass,True,True,True,True,True,0.000001749,64,0.021529
resnet50,layer1.0.conv3.weight,layer1.0.conv3.weight|torch.float32|256x64x1x1,256x64x1x1,16384,cuda,cuda,,pass,True,True,True,True,True,0.000458110,16384,0.007812
resnet50,layer1.0.bn3.weight,layer1.0.bn3.weight|torch.float32|256,256,256,cpu_batch,cuda,numel_below_threshold,pass,True,True,True,True,True,0.000004270,256,0.086118
resnet50,layer1.0.bn3.bias,layer1.0.bn3.bias|torch.float32|256,256,256,cpu_batch,cuda,numel_below_threshold,pass,True,True,True,True,True,0.000004332,256,0.086118
resnet50,layer1.0.shortcut.0.weight,layer1.0.shortcut.0.weight|torch.float32|256x64x1x1,256x64x1x1,16384,cuda,cuda,,pass,True,True,True,True,True,0.000440267,16384,0.007812
resnet50,layer1.0.shortcut.1.weight,layer1.0.shortcut.1.weight|torch.float32|256,256,256,cpu_batch,cuda,numel_below_threshold,pass,True,True,True,True,True,0.000033615,256,0.086118
resnet50,layer1.0.shortcut.1.bias,layer1.0.shortcut.1.bias|torch.float32|256,256,256,cpu_batch,cuda,numel_below_threshold,pass,True,True,True,True,True,0.000042521,256,0.086118
resnet50,layer1.1.conv1.weight,layer1.1.conv1.weight|torch.float32|64x256x1x1,64x256x1x1,16384,cuda,cuda,,pass,True,True,True,True,True,0.000450865,16384,0.007812
resnet50,layer1.1.bn1.weight,layer1.1.bn1.weight|torch.float32|64,64,64,cpu_batch,cuda,numel_below_threshold,pass,True,True,True,True,True,0.000001315,64,0.021529
resnet50,layer1.1.bn1.bias,layer1.1.bn1.bias|torch.float32|64,64,64,cpu_batch,cuda,numel_below_threshold,pass,True,True,True,True,True,0.000001618,64,0.021529
resnet50,layer1.1.conv2.weight,layer1.1.conv2.weight|torch.float32|64x64x3x3,64x64x3x3,36864,cuda,cuda,,pass,True,True,True,True,True,0.000682268,36864,0.017577
resnet50,layer1.1.bn2.weight,layer1.1.bn2.weight|torch.float32|64,64,64,cpu_batch,cuda,numel_below_threshold,pass,True,True,True,True,True,0.000001877,64,0.021529
resnet50,layer1.1.bn2.bias,layer1.1.bn2.bias|torch.float32|64,64,64,cpu_batch,cuda,numel_below_threshold,pass,True,True,True,True,True,0.000001480,64,0.021529
resnet50,layer1.1.conv3.weight,layer1.1.conv3.weight|torch.float32|256x64x1x1,256x64x1x1,16384,cuda,cuda,,pass,True,True,True,True,True,0.000422084,16384,0.007812
resnet50,layer1.1.bn3.weight,layer1.1.bn3.weight|torch.float32|256,256,256,cpu_batch,cuda,numel_below_threshold,pass,True,True,True,True,True,0.000003924,256,0.086118
resnet50,layer1.1.bn3.bias,layer1.1.bn3.bias|torch.float32|256,256,256,cpu_batch,cuda,numel_below_threshold,pass,True,True,True,True,True,0.000004210,256,0.086118
resnet50,layer1.2.conv1.weight,layer1.2.conv1.weight|torch.float32|64x256x1x1,64x256x1x1,16384,cuda,cuda,,pass,True,True,True,True,True,0.000416836,16384,0.007812
resnet50,layer1.2.bn1.weight,layer1.2.bn1.weight|torch.float32|64,64,64,cpu_batch,cuda,numel_below_threshold,pass,True,True,True,True,True,0.000001657,64,0.021529
resnet50,layer1.2.bn1.bias,layer1.2.bn1.bias|torch.float32|64,64,64,cpu_batch,cuda,numel_below_threshold,pass,True,True,True,True,True,0.000001324,64,0.021529
resnet50,layer1.2.conv2.weight,layer1.2.conv2.weight|torch.float32|64x64x3x3,64x64x3x3,36864,cuda,cuda,,pass,True,True,True,True,True,0.000758124,36864,0.017577
resnet50,layer1.2.bn2.weight,layer1.2.bn2.weight|torch.float32|64,64,64,cpu_batch,cuda,numel_below_threshold,pass,True,True,True,True,True,0.000002368,64,0.021529
resnet50,layer1.2.bn2.bias,layer1.2.bn2.bias|torch.float32|64,64,64,cpu_batch,cuda,numel_below_threshold,pass,True,True,True,True,True,0.000003048,64,0.021529
resnet50,layer1.2.conv3.weight,layer1.2.conv3.weight|torch.float32|256x64x1x1,256x64x1x1,16384,cuda,cuda,,pass,True,True,True,True,True,0.000402195,16384,0.007812
resnet50,layer1.2.bn3.weight,layer1.2.bn3.weight|torch.float32|256,256,256,cpu_batch,cuda,numel_below_threshold,pass,True,True,True,True,True,0.000004151,256,0.086118
resnet50,layer1.2.bn3.bias,layer1.2.bn3.bias|torch.float32|256,256,256,cpu_batch,cuda,numel_below_threshold,pass,True,True,True,True,True,0.000003707,256,0.086118
resnet50,layer2.0.conv1.weight,layer2.0.conv1.weight|torch.float32|128x256x1x1,128x256x1x1,32768,cuda,cuda,,pass,True,True,True,True,True,0.000634321,32768,0.015624
resnet50,layer2.0.bn1.weight,layer2.0.bn1.weight|torch.float32|128,128,128,cpu_batch,cuda,numel_below_threshold,pass,True,True,True,True,True,0.000002543,128,0.043059
resnet50,layer2.0.bn1.bias,layer2.0.bn1.bias|torch.float32|128,128,128,cpu_batch,cuda,numel_below_threshold,pass,True,True,True,True,True,0.000002671,128,0.043059
resnet50,layer2.0.conv2.weight,layer2.0.conv2.weight|torch.float32|128x128x3x3,128x128x3x3,147456,cuda,cuda,,pass,True,True,True,True,True,0.001443780,147456,0.070309
resnet50,layer2.0.bn2.weight,layer2.0.bn2.weight|torch.float32|128,128,128,cpu_batch,cuda,numel_below_threshold,pass,True,True,True,True,True,0.000003119,128,0.043059
resnet50,layer2.0.bn2.bias,layer2.0.bn2.bias|torch.float32|128,128,128,cpu_batch,cuda,numel_below_threshold,pass,True,True,True,True,True,0.000003019,128,0.043059
resnet50,layer2.0.conv3.weight,layer2.0.conv3.weight|torch.float32|512x128x1x1,512x128x1x1,65536,cuda,cuda,,pass,True,True,True,True,True,0.000938104,65536,0.031249
resnet50,layer2.0.bn3.weight,layer2.0.bn3.weight|torch.float32|512,512,512,cpu_batch,cuda,numel_below_threshold,pass,True,True,True,True,True,0.000007328,512,0.172236
resnet50,layer2.0.bn3.bias,layer2.0.bn3.bias|torch.float32|512,512,512,cpu_batch,cuda,numel_below_threshold,pass,True,True,True,True,True,0.000006468,512,0.172236
resnet50,layer2.0.shortcut.0.weight,layer2.0.shortcut.0.weight|torch.float32|512x256x1x1,512x256x1x1,131072,cuda,cuda,,pass,True,True,True,True,True,0.001375068,131072,0.062497
resnet50,layer2.0.shortcut.1.weight,layer2.0.shortcut.1.weight|torch.float32|512,512,512,cpu_batch,cuda,numel_below_threshold,pass,True,True,True,True,True,0.000057955,512,0.172236
resnet50,layer2.0.shortcut.1.bias,layer2.0.shortcut.1.bias|torch.float32|512,512,512,cpu_batch,cuda,numel_below_threshold,pass,True,True,True,True,True,0.000066878,512,0.172236
resnet50,layer2.1.conv1.weight,layer2.1.conv1.weight|torch.float32|128x512x1x1,128x512x1x1,65536,cuda,cuda,,pass,True,True,True,True,True,0.000983998,65536,0.031249
resnet50,layer2.1.bn1.weight,layer2.1.bn1.weight|torch.float32|128,128,128,cpu_batch,cuda,numel_below_threshold,pass,True,True,True,True,True,0.000002219,128,0.043059
resnet50,layer2.1.bn1.bias,layer2.1.bn1.bias|torch.float32|128,128,128,cpu_batch,cuda,numel_below_threshold,pass,True,True,True,True,True,0.000002312,128,0.043059
resnet50,layer2.1.conv2.weight,layer2.1.conv2.weight|torch.float32|128x128x3x3,128x128x3x3,147456,cuda,cuda,,pass,True,True,True,True,True,0.001502846,147456,0.070309
resnet50,layer2.1.bn2.weight,layer2.1.bn2.weight|torch.float32|128,128,128,cpu_batch,cuda,numel_below_threshold,pass,True,True,True,True,True,0.000002702,128,0.043059
resnet50,layer2.1.bn2.bias,layer2.1.bn2.bias|torch.float32|128,128,128,cpu_batch,cuda,numel_below_threshold,pass,True,True,True,True,True,0.000002706,128,0.043059
resnet50,layer2.1.conv3.weight,layer2.1.conv3.weight|torch.float32|512x128x1x1,512x128x1x1,65536,cuda,cuda,,pass,True,True,True,True,True,0.000895488,65536,0.031249
resnet50,layer2.1.bn3.weight,layer2.1.bn3.weight|torch.float32|512,512,512,cpu_batch,cuda,numel_below_threshold,pass,True,True,True,True,True,0.000005733,512,0.172236
resnet50,layer2.1.bn3.bias,layer2.1.bn3.bias|torch.float32|512,512,512,cpu_batch,cuda,numel_below_threshold,pass,True,True,True,True,True,0.000005693,512,0.172236
resnet50,layer2.2.conv1.weight,layer2.2.conv1.weight|torch.float32|128x512x1x1,128x512x1x1,65536,cuda,cuda,,pass,True,True,True,True,True,0.000891259,65536,0.031249
resnet50,layer2.2.bn1.weight,layer2.2.bn1.weight|torch.float32|128,128,128,cpu_batch,cuda,numel_below_threshold,pass,True,True,True,True,True,0.000002801,128,0.043059
resnet50,layer2.2.bn1.bias,layer2.2.bn1.bias|torch.float32|128,128,128,cpu_batch,cuda,numel_below_threshold,pass,True,True,True,True,True,0.000002507,128,0.043059
resnet50,layer2.2.conv2.weight,layer2.2.conv2.weight|torch.float32|128x128x3x3,128x128x3x3,147456,cuda,cuda,,pass,True,True,True,True,True,0.001470510,147456,0.070309
resnet50,layer2.2.bn2.weight,layer2.2.bn2.weight|torch.float32|128,128,128,cpu_batch,cuda,numel_below_threshold,pass,True,True,True,True,True,0.000002564,128,0.043059
resnet50,layer2.2.bn2.bias,layer2.2.bn2.bias|torch.float32|128,128,128,cpu_batch,cuda,numel_below_threshold,pass,True,True,True,True,True,0.000002602,128,0.043059
resnet50,layer2.2.conv3.weight,layer2.2.conv3.weight|torch.float32|512x128x1x1,512x128x1x1,65536,cuda,cuda,,pass,True,True,True,True,True,0.001015478,65536,0.031249
resnet50,layer2.2.bn3.weight,layer2.2.bn3.weight|torch.float32|512,512,512,cpu_batch,cuda,numel_below_threshold,pass,True,True,True,True,True,0.000005882,512,0.172236
resnet50,layer2.2.bn3.bias,layer2.2.bn3.bias|torch.float32|512,512,512,cpu_batch,cuda,numel_below_threshold,pass,True,True,True,True,True,0.000006090,512,0.172236
resnet50,layer2.3.conv1.weight,layer2.3.conv1.weight|torch.float32|128x512x1x1,128x512x1x1,65536,cuda,cuda,,pass,True,True,True,True,True,0.000978853,65536,0.031249
resnet50,layer2.3.bn1.weight,layer2.3.bn1.weight|torch.float32|128,128,128,cpu_batch,cuda,numel_below_threshold,pass,True,True,True,True,True,0.000002179,128,0.043059
resnet50,layer2.3.bn1.bias,layer2.3.bn1.bias|torch.float32|128,128,128,cpu_batch,cuda,numel_below_threshold,pass,True,True,True,True,True,0.000002773,128,0.043059
resnet50,layer2.3.conv2.weight,layer2.3.conv2.weight|torch.float32|128x128x3x3,128x128x3x3,147456,cuda,cuda,,pass,True,True,True,True,True,0.001428925,147456,0.070309
resnet50,layer2.3.bn2.weight,layer2.3.bn2.weight|torch.float32|128,128,128,cpu_batch,cuda,numel_below_threshold,pass,True,True,True,True,True,0.000002677,128,0.043059
resnet50,layer2.3.bn2.bias,layer2.3.bn2.bias|torch.float32|128,128,128,cpu_batch,cuda,numel_below_threshold,pass,True,True,True,True,True,0.000001815,128,0.043059
resnet50,layer2.3.conv3.weight,layer2.3.conv3.weight|torch.float32|512x128x1x1,512x128x1x1,65536,cuda,cuda,,pass,True,True,True,True,True,0.000902662,65536,0.031249
resnet50,layer2.3.bn3.weight,layer2.3.bn3.weight|torch.float32|512,512,512,cpu_batch,cuda,numel_below_threshold,pass,True,True,True,True,True,0.000006122,512,0.172236
resnet50,layer2.3.bn3.bias,layer2.3.bn3.bias|torch.float32|512,512,512,cpu_batch,cuda,numel_below_threshold,pass,True,True,True,True,True,0.000005402,512,0.172236
resnet50,layer3.0.conv1.weight,layer3.0.conv1.weight|torch.float32|256x512x1x1,256x512x1x1,131072,cuda,cuda,,pass,True,True,True,True,True,0.001335143,131072,0.062497
resnet50,layer3.0.bn1.weight,layer3.0.bn1.weight|torch.float32|256,256,256,cpu_batch,cuda,numel_below_threshold,pass,True,True,True,True,True,0.000003770,256,0.086118
resnet50,layer3.0.bn1.bias,layer3.0.bn1.bias|torch.float32|256,256,256,cpu_batch,cuda,numel_below_threshold,pass,True,True,True,True,True,0.000003679,256,0.086118
resnet50,layer3.0.conv2.weight,layer3.0.conv2.weight|torch.float32|256x256x3x3,256x256x3x3,589824,cuda,cuda,,pass,True,True,True,True,True,0.003100131,589824,0.281237
resnet50,layer3.0.bn2.weight,layer3.0.bn2.weight|torch.float32|256,256,256,cpu_batch,cuda,numel_below_threshold,pass,True,True,True,True,True,0.000003323,256,0.086118
resnet50,layer3.0.bn2.bias,layer3.0.bn2.bias|torch.float32|256,256,256,cpu_batch,cuda,numel_below_threshold,pass,True,True,True,True,True,0.000003873,256,0.086118
resnet50,layer3.0.conv3.weight,layer3.0.conv3.weight|torch.float32|1024x256x1x1,1024x256x1x1,262144,cuda,cuda,,pass,True,True,True,True,True,0.001933838,262144,0.124994
resnet50,layer3.0.bn3.weight,layer3.0.bn3.weight|torch.float32|1024,1024,1024,cpu_batch,cuda,numel_below_threshold,pass,True,True,True,True,True,0.000009121,1024,0.344471
resnet50,layer3.0.bn3.bias,layer3.0.bn3.bias|torch.float32|1024,1024,1024,cpu_batch,cuda,numel_below_threshold,pass,True,True,True,True,True,0.000012837,1024,0.344471
resnet50,layer3.0.shortcut.0.weight,layer3.0.shortcut.0.weight|torch.float32|1024x512x1x1,1024x512x1x1,524288,cuda,cuda,,pass,True,True,True,True,True,0.002876765,524288,0.249989
resnet50,layer3.0.shortcut.1.weight,layer3.0.shortcut.1.weight|torch.float32|1024,1024,1024,cpu_batch,cuda,numel_below_threshold,pass,True,True,True,True,True,0.000086334,1024,0.344471
resnet50,layer3.0.shortcut.1.bias,layer3.0.shortcut.1.bias|torch.float32|1024,1024,1024,cpu_batch,cuda,numel_below_threshold,pass,True,True,True,True,True,0.000098892,1024,0.344471
resnet50,layer3.1.conv1.weight,layer3.1.conv1.weight|torch.float32|256x1024x1x1,256x1024x1x1,262144,cuda,cuda,,pass,True,True,True,True,True,0.002053760,262144,0.124994
resnet50,layer3.1.bn1.weight,layer3.1.bn1.weight|torch.float32|256,256,256,cpu_batch,cuda,numel_below_threshold,pass,True,True,True,True,True,0.000003714,256,0.086118
resnet50,layer3.1.bn1.bias,layer3.1.bn1.bias|torch.float32|256,256,256,cpu_batch,cuda,numel_below_threshold,pass,True,True,True,True,True,0.000003406,256,0.086118
resnet50,layer3.1.conv2.weight,layer3.1.conv2.weight|torch.float32|256x256x3x3,256x256x3x3,589824,cuda,cuda,,pass,True,True,True,True,True,0.003072659,589824,0.281237
resnet50,layer3.1.bn2.weight,layer3.1.bn2.weight|torch.float32|256,256,256,cpu_batch,cuda,numel_below_threshold,pass,True,True,True,True,True,0.000004203,256,0.086118
resnet50,layer3.1.bn2.bias,layer3.1.bn2.bias|torch.float32|256,256,256,cpu_batch,cuda,numel_below_threshold,pass,True,True,True,True,True,0.000004218,256,0.086118
resnet50,layer3.1.conv3.weight,layer3.1.conv3.weight|torch.float32|1024x256x1x1,1024x256x1x1,262144,cuda,cuda,,pass,True,True,True,True,True,0.002161183,262144,0.124994
resnet50,layer3.1.bn3.weight,layer3.1.bn3.weight|torch.float32|1024,1024,1024,cpu_batch,cuda,numel_below_threshold,pass,True,True,True,True,True,0.000008153,1024,0.344471
resnet50,layer3.1.bn3.bias,layer3.1.bn3.bias|torch.float32|1024,1024,1024,cpu_batch,cuda,numel_below_threshold,pass,True,True,True,True,True,0.000008724,1024,0.344471
resnet50,layer3.2.conv1.weight,layer3.2.conv1.weight|torch.float32|256x1024x1x1,256x1024x1x1,262144,cuda,cuda,,pass,True,True,True,True,True,0.001902345,262144,0.124994
resnet50,layer3.2.bn1.weight,layer3.2.bn1.weight|torch.float32|256,256,256,cpu_batch,cuda,numel_below_threshold,pass,True,True,True,True,True,0.000003552,256,0.086118
resnet50,layer3.2.bn1.bias,layer3.2.bn1.bias|torch.float32|256,256,256,cpu_batch,cuda,numel_below_threshold,pass,True,True,True,True,True,0.000003608,256,0.086118
resnet50,layer3.2.conv2.weight,layer3.2.conv2.weight|torch.float32|256x256x3x3,256x256x3x3,589824,cuda,cuda,,pass,True,True,True,True,True,0.002863387,589824,0.281237
resnet50,layer3.2.bn2.weight,layer3.2.bn2.weight|torch.float32|256,256,256,cpu_batch,cuda,numel_below_threshold,pass,True,True,True,True,True,0.000003619,256,0.086118
resnet50,layer3.2.bn2.bias,layer3.2.bn2.bias|torch.float32|256,256,256,cpu_batch,cuda,numel_below_threshold,pass,True,True,True,True,True,0.000003778,256,0.086118
resnet50,layer3.2.conv3.weight,layer3.2.conv3.weight|torch.float32|1024x256x1x1,1024x256x1x1,262144,cuda,cuda,,pass,True,True,True,True,True,0.001946793,262144,0.124994
resnet50,layer3.2.bn3.weight,layer3.2.bn3.weight|torch.float32|1024,1024,1024,cpu_batch,cuda,numel_below_threshold,pass,True,True,True,True,True,0.000010145,1024,0.344471
resnet50,layer3.2.bn3.bias,layer3.2.bn3.bias|torch.float32|1024,1024,1024,cpu_batch,cuda,numel_below_threshold,pass,True,True,True,True,True,0.000010446,1024,0.344471
resnet50,layer3.3.conv1.weight,layer3.3.conv1.weight|torch.float32|256x1024x1x1,256x1024x1x1,262144,cuda,cuda,,pass,True,True,True,True,True,0.001941926,262144,0.124994
resnet50,layer3.3.bn1.weight,layer3.3.bn1.weight|torch.float32|256,256,256,cpu_batch,cuda,numel_below_threshold,pass,True,True,True,True,True,0.000003915,256,0.086118
resnet50,layer3.3.bn1.bias,layer3.3.bn1.bias|torch.float32|256,256,256,cpu_batch,cuda,numel_below_threshold,pass,True,True,True,True,True,0.000004879,256,0.086118
resnet50,layer3.3.conv2.weight,layer3.3.conv2.weight|torch.float32|256x256x3x3,256x256x3x3,589824,cuda,cuda,,pass,True,True,True,True,True,0.002985347,589824,0.281237
resnet50,layer3.3.bn2.weight,layer3.3.bn2.weight|torch.float32|256,256,256,cpu_batch,cuda,numel_below_threshold,pass,True,True,True,True,True,0.000003461,256,0.086118
resnet50,layer3.3.bn2.bias,layer3.3.bn2.bias|torch.float32|256,256,256,cpu_batch,cuda,numel_below_threshold,pass,True,True,True,True,True,0.000003670,256,0.086118
resnet50,layer3.3.conv3.weight,layer3.3.conv3.weight|torch.float32|1024x256x1x1,1024x256x1x1,262144,cuda,cuda,,pass,True,True,True,True,True,0.001913588,262144,0.124994
resnet50,layer3.3.bn3.weight,layer3.3.bn3.weight|torch.float32|1024,1024,1024,cpu_batch,cuda,numel_below_threshold,pass,True,True,True,True,True,0.000008508,1024,0.344471
resnet50,layer3.3.bn3.bias,layer3.3.bn3.bias|torch.float32|1024,1024,1024,cpu_batch,cuda,numel_below_threshold,pass,True,True,True,True,True,0.000008047,1024,0.344471
resnet50,layer3.4.conv1.weight,layer3.4.conv1.weight|torch.float32|256x1024x1x1,256x1024x1x1,262144,cuda,cuda,,pass,True,True,True,True,True,0.001868050,262144,0.124994
resnet50,layer3.4.bn1.weight,layer3.4.bn1.weight|torch.float32|256,256,256,cpu_batch,cuda,numel_below_threshold,pass,True,True,True,True,True,0.000003651,256,0.086118
resnet50,layer3.4.bn1.bias,layer3.4.bn1.bias|torch.float32|256,256,256,cpu_batch,cuda,numel_below_threshold,pass,True,True,True,True,True,0.000004162,256,0.086118
resnet50,layer3.4.conv2.weight,layer3.4.conv2.weight|torch.float32|256x256x3x3,256x256x3x3,589824,cuda,cuda,,pass,True,True,True,True,True,0.003011029,589824,0.281237
resnet50,layer3.4.bn2.weight,layer3.4.bn2.weight|torch.float32|256,256,256,cpu_batch,cuda,numel_below_threshold,pass,True,True,True,True,True,0.000003404,256,0.086118
resnet50,layer3.4.bn2.bias,layer3.4.bn2.bias|torch.float32|256,256,256,cpu_batch,cuda,numel_below_threshold,pass,True,True,True,True,True,0.000004279,256,0.086118
resnet50,layer3.4.conv3.weight,layer3.4.conv3.weight|torch.float32|1024x256x1x1,1024x256x1x1,262144,cuda,cuda,,pass,True,True,True,True,True,0.001994076,262144,0.124994
resnet50,layer3.4.bn3.weight,layer3.4.bn3.weight|torch.float32|1024,1024,1024,cpu_batch,cuda,numel_below_threshold,pass,True,True,True,True,True,0.000008555,1024,0.344471
resnet50,layer3.4.bn3.bias,layer3.4.bn3.bias|torch.float32|1024,1024,1024,cpu_batch,cuda,numel_below_threshold,pass,True,True,True,True,True,0.000008991,1024,0.344471
resnet50,layer3.5.conv1.weight,layer3.5.conv1.weight|torch.float32|256x1024x1x1,256x1024x1x1,262144,cuda,cuda,,pass,True,True,True,True,True,0.001860445,262144,0.124994
resnet50,layer3.5.bn1.weight,layer3.5.bn1.weight|torch.float32|256,256,256,cpu_batch,cuda,numel_below_threshold,pass,True,True,True,True,True,0.000004272,256,0.086118
resnet50,layer3.5.bn1.bias,layer3.5.bn1.bias|torch.float32|256,256,256,cpu_batch,cuda,numel_below_threshold,pass,True,True,True,True,True,0.000003934,256,0.086118
resnet50,layer3.5.conv2.weight,layer3.5.conv2.weight|torch.float32|256x256x3x3,256x256x3x3,589824,cuda,cuda,,pass,True,True,True,True,True,0.003480199,589824,0.281237
resnet50,layer3.5.bn2.weight,layer3.5.bn2.weight|torch.float32|256,256,256,cpu_batch,cuda,numel_below_threshold,pass,True,True,True,True,True,0.000003846,256,0.086118
resnet50,layer3.5.bn2.bias,layer3.5.bn2.bias|torch.float32|256,256,256,cpu_batch,cuda,numel_below_threshold,pass,True,True,True,True,True,0.000004522,256,0.086118
resnet50,layer3.5.conv3.weight,layer3.5.conv3.weight|torch.float32|1024x256x1x1,1024x256x1x1,262144,cuda,cuda,,pass,True,True,True,True,True,0.002003363,262144,0.124994
resnet50,layer3.5.bn3.weight,layer3.5.bn3.weight|torch.float32|1024,1024,1024,cpu_batch,cuda,numel_below_threshold,pass,True,True,True,True,True,0.000010301,1024,0.344471
resnet50,layer3.5.bn3.bias,layer3.5.bn3.bias|torch.float32|1024,1024,1024,cpu_batch,cuda,numel_below_threshold,pass,True,True,True,True,True,0.000009124,1024,0.344471
resnet50,layer4.0.conv1.weight,layer4.0.conv1.weight|torch.float32|512x1024x1x1,512x1024x1x1,524288,cuda,cuda,,pass,True,True,True,True,True,0.002829573,524288,0.249989
resnet50,layer4.0.bn1.weight,layer4.0.bn1.weight|torch.float32|512,512,512,cpu_batch,cuda,numel_below_threshold,pass,True,True,True,True,True,0.000006049,512,0.172236
resnet50,layer4.0.bn1.bias,layer4.0.bn1.bias|torch.float32|512,512,512,cpu_batch,cuda,numel_below_threshold,pass,True,True,True,True,True,0.000005402,512,0.172236
resnet50,layer4.0.conv2.weight,layer4.0.conv2.weight|torch.float32|512x512x3x3,512x512x3x3,2359296,cuda,cuda,,pass,True,True,True,True,True,0.006494564,2359296,1.124948
resnet50,layer4.0.bn2.weight,layer4.0.bn2.weight|torch.float32|512,512,512,cpu_batch,cuda,numel_below_threshold,pass,True,True,True,True,True,0.000006297,512,0.172236
resnet50,layer4.0.bn2.bias,layer4.0.bn2.bias|torch.float32|512,512,512,cpu_batch,cuda,numel_below_threshold,pass,True,True,True,True,True,0.000004839,512,0.172236
resnet50,layer4.0.conv3.weight,layer4.0.conv3.weight|torch.float32|2048x512x1x1,2048x512x1x1,1048576,cuda,cuda,,pass,True,True,True,True,True,0.004246591,1048576,0.499977
resnet50,layer4.0.bn3.weight,layer4.0.bn3.weight|torch.float32|2048,2048,2048,cuda,cuda,,pass,True,True,True,True,True,0.000014618,2048,0.000977
resnet50,layer4.0.bn3.bias,layer4.0.bn3.bias|torch.float32|2048,2048,2048,cuda,cuda,,pass,True,True,True,True,True,0.000012281,2048,0.000977
resnet50,layer4.0.shortcut.0.weight,layer4.0.shortcut.0.weight|torch.float32|2048x1024x1x1,2048x1024x1x1,2097152,cuda,cuda,,pass,True,True,True,True,True,0.006139049,2097152,0.999954
resnet50,layer4.0.shortcut.1.weight,layer4.0.shortcut.1.weight|torch.float32|2048,2048,2048,cuda,cuda,,pass,True,True,True,True,True,0.000128358,2048,0.000977
resnet50,layer4.0.shortcut.1.bias,layer4.0.shortcut.1.bias|torch.float32|2048,2048,2048,cuda,cuda,,pass,True,True,True,True,True,0.000137093,2048,0.000977
resnet50,layer4.1.conv1.weight,layer4.1.conv1.weight|torch.float32|512x2048x1x1,512x2048x1x1,1048576,cuda,cuda,,pass,True,True,True,True,True,0.004163117,1048576,0.499977
resnet50,layer4.1.bn1.weight,layer4.1.bn1.weight|torch.float32|512,512,512,cpu_batch,cuda,numel_below_threshold,pass,True,True,True,True,True,0.000006260,512,0.172236
resnet50,layer4.1.bn1.bias,layer4.1.bn1.bias|torch.float32|512,512,512,cpu_batch,cuda,numel_below_threshold,pass,True,True,True,True,True,0.000005338,512,0.172236
resnet50,layer4.1.conv2.weight,layer4.1.conv2.weight|torch.float32|512x512x3x3,512x512x3x3,2359296,cuda,cuda,,pass,True,True,True,True,True,0.006456671,2359296,1.124948
resnet50,layer4.1.bn2.weight,layer4.1.bn2.weight|torch.float32|512,512,512,cpu_batch,cuda,numel_below_threshold,pass,True,True,True,True,True,0.000006537,512,0.172236
resnet50,layer4.1.bn2.bias,layer4.1.bn2.bias|torch.float32|512,512,512,cpu_batch,cuda,numel_below_threshold,pass,True,True,True,True,True,0.000005917,512,0.172236
resnet50,layer4.1.conv3.weight,layer4.1.conv3.weight|torch.float32|2048x512x1x1,2048x512x1x1,1048576,cuda,cuda,,pass,True,True,True,True,True,0.004250575,1048576,0.499977
resnet50,layer4.1.bn3.weight,layer4.1.bn3.weight|torch.float32|2048,2048,2048,cuda,cuda,,pass,True,True,True,True,True,0.000013612,2048,0.000977
resnet50,layer4.1.bn3.bias,layer4.1.bn3.bias|torch.float32|2048,2048,2048,cuda,cuda,,pass,True,True,True,True,True,0.000012537,2048,0.000977
resnet50,layer4.2.conv1.weight,layer4.2.conv1.weight|torch.float32|512x2048x1x1,512x2048x1x1,1048576,cuda,cuda,,pass,True,True,True,True,True,0.004228861,1048576,0.499977
resnet50,layer4.2.bn1.weight,layer4.2.bn1.weight|torch.float32|512,512,512,cpu_batch,cuda,numel_below_threshold,pass,True,True,True,True,True,0.000005902,512,0.172236
resnet50,layer4.2.bn1.bias,layer4.2.bn1.bias|torch.float32|512,512,512,cpu_batch,cuda,numel_below_threshold,pass,True,True,True,True,True,0.000005763,512,0.172236
resnet50,layer4.2.conv2.weight,layer4.2.conv2.weight|torch.float32|512x512x3x3,512x512x3x3,2359296,cuda,cuda,,pass,True,True,True,True,True,0.006763110,2359296,1.124948
resnet50,layer4.2.bn2.weight,layer4.2.bn2.weight|torch.float32|512,512,512,cpu_batch,cuda,numel_below_threshold,pass,True,True,True,True,True,0.000007127,512,0.172236
resnet50,layer4.2.bn2.bias,layer4.2.bn2.bias|torch.float32|512,512,512,cpu_batch,cuda,numel_below_threshold,pass,True,True,True,True,True,0.000006049,512,0.172236
resnet50,layer4.2.conv3.weight,layer4.2.conv3.weight|torch.float32|2048x512x1x1,2048x512x1x1,1048576,cuda,cuda,,pass,True,True,True,True,True,0.004073713,1048576,0.499977
resnet50,layer4.2.bn3.weight,layer4.2.bn3.weight|torch.float32|2048,2048,2048,cuda,cuda,,pass,True,True,True,True,True,0.000014140,2048,0.000977
resnet50,layer4.2.bn3.bias,layer4.2.bn3.bias|torch.float32|2048,2048,2048,cuda,cuda,,pass,True,True,True,True,True,0.000014231,2048,0.000977
resnet50,linear.weight,linear.weight|torch.float32|10x2048,10x2048,20480,cuda,cuda,,pass,True,True,True,True,True,0.000485134,20480,0.009765
resnet50,bn1.running_mean,bn1.running_mean|torch.float32|64,64,64,cpu_batch,cuda,numel_below_threshold,pass,True,True,True,True,True,0.000001582,64,0.021529
resnet50,bn1.running_var,bn1.running_var|torch.float32|64,64,64,cpu_batch,cuda,numel_below_threshold,pass,True,True,True,True,True,0.000001744,64,0.021529
resnet50,layer1.0.bn1.running_mean,layer1.0.bn1.running_mean|torch.float32|64,64,64,cpu_batch,cuda,numel_below_threshold,pass,True,True,True,True,True,0.000001674,64,0.021529
resnet50,layer1.0.bn1.running_var,layer1.0.bn1.running_var|torch.float32|64,64,64,cpu_batch,cuda,numel_below_threshold,pass,True,True,True,True,True,0.000001871,64,0.021529
resnet50,layer1.0.bn2.running_mean,layer1.0.bn2.running_mean|torch.float32|64,64,64,cpu_batch,cuda,numel_below_threshold,pass,True,True,True,True,True,0.000001762,64,0.021529
resnet50,layer1.0.bn2.running_var,layer1.0.bn2.running_var|torch.float32|64,64,64,cpu_batch,cuda,numel_below_threshold,pass,True,True,True,True,True,0.000001415,64,0.021529
resnet50,layer1.0.bn3.running_mean,layer1.0.bn3.running_mean|torch.float32|256,256,256,cpu_batch,cuda,numel_below_threshold,pass,True,True,True,True,True,0.000004335,256,0.086118
resnet50,layer1.0.bn3.running_var,layer1.0.bn3.running_var|torch.float32|256,256,256,cpu_batch,cuda,numel_below_threshold,pass,True,True,True,True,True,0.000003928,256,0.086118
resnet50,layer1.0.shortcut.1.running_mean,layer1.0.shortcut.1.running_mean|torch.float32|256,256,256,cpu_batch,cuda,numel_below_threshold,pass,True,True,True,True,True,0.000042859,256,0.086118
resnet50,layer1.0.shortcut.1.running_var,layer1.0.shortcut.1.running_var|torch.float32|256,256,256,cpu_batch,cuda,numel_below_threshold,pass,True,True,True,True,True,0.000047424,256,0.086118
resnet50,layer1.1.bn1.running_mean,layer1.1.bn1.running_mean|torch.float32|64,64,64,cpu_batch,cuda,numel_below_threshold,pass,True,True,True,True,True,0.000001944,64,0.021529
resnet50,layer1.1.bn1.running_var,layer1.1.bn1.running_var|torch.float32|64,64,64,cpu_batch,cuda,numel_below_threshold,pass,True,True,True,True,True,0.000001697,64,0.021529
resnet50,layer1.1.bn2.running_mean,layer1.1.bn2.running_mean|torch.float32|64,64,64,cpu_batch,cuda,numel_below_threshold,pass,True,True,True,True,True,0.000001832,64,0.021529
resnet50,layer1.1.bn2.running_var,layer1.1.bn2.running_var|torch.float32|64,64,64,cpu_batch,cuda,numel_below_threshold,pass,True,True,True,True,True,0.000001488,64,0.021529
resnet50,layer1.1.bn3.running_mean,layer1.1.bn3.running_mean|torch.float32|256,256,256,cpu_batch,cuda,numel_below_threshold,pass,True,True,True,True,True,0.000004648,256,0.086118
resnet50,layer1.1.bn3.running_var,layer1.1.bn3.running_var|torch.float32|256,256,256,cpu_batch,cuda,numel_below_threshold,pass,True,True,True,True,True,0.000004249,256,0.086118
resnet50,layer1.2.bn1.running_mean,layer1.2.bn1.running_mean|torch.float32|64,64,64,cpu_batch,cuda,numel_below_threshold,pass,True,True,True,True,True,0.000001353,64,0.021529
resnet50,layer1.2.bn1.running_var,layer1.2.bn1.running_var|torch.float32|64,64,64,cpu_batch,cuda,numel_below_threshold,pass,True,True,True,True,True,0.000001493,64,0.021529
resnet50,layer1.2.bn2.running_mean,layer1.2.bn2.running_mean|torch.float32|64,64,64,cpu_batch,cuda,numel_below_threshold,pass,True,True,True,True,True,0.000001694,64,0.021529
resnet50,layer1.2.bn2.running_var,layer1.2.bn2.running_var|torch.float32|64,64,64,cpu_batch,cuda,numel_below_threshold,pass,True,True,True,True,True,0.000001876,64,0.021529
resnet50,layer1.2.bn3.running_mean,layer1.2.bn3.running_mean|torch.float32|256,256,256,cpu_batch,cuda,numel_below_threshold,pass,True,True,True,True,True,0.000003500,256,0.086118
resnet50,layer1.2.bn3.running_var,layer1.2.bn3.running_var|torch.float32|256,256,256,cpu_batch,cuda,numel_below_threshold,pass,True,True,True,True,True,0.000003670,256,0.086118
resnet50,layer2.0.bn1.running_mean,layer2.0.bn1.running_mean|torch.float32|128,128,128,cpu_batch,cuda,numel_below_threshold,pass,True,True,True,True,True,0.000002783,128,0.043059
resnet50,layer2.0.bn1.running_var,layer2.0.bn1.running_var|torch.float32|128,128,128,cpu_batch,cuda,numel_below_threshold,pass,True,True,True,True,True,0.000002452,128,0.043059
resnet50,layer2.0.bn2.running_mean,layer2.0.bn2.running_mean|torch.float32|128,128,128,cpu_batch,cuda,numel_below_threshold,pass,True,True,True,True,True,0.000002311,128,0.043059
resnet50,layer2.0.bn2.running_var,layer2.0.bn2.running_var|torch.float32|128,128,128,cpu_batch,cuda,numel_below_threshold,pass,True,True,True,True,True,0.000003059,128,0.043059
resnet50,layer2.0.bn3.running_mean,layer2.0.bn3.running_mean|torch.float32|512,512,512,cpu_batch,cuda,numel_below_threshold,pass,True,True,True,True,True,0.000005165,512,0.172236
resnet50,layer2.0.bn3.running_var,layer2.0.bn3.running_var|torch.float32|512,512,512,cpu_batch,cuda,numel_below_threshold,pass,True,True,True,True,True,0.000007342,512,0.172236
resnet50,layer2.0.shortcut.1.running_mean,layer2.0.shortcut.1.running_mean|torch.float32|512,512,512,cpu_batch,cuda,numel_below_threshold,pass,True,True,True,True,True,0.000053890,512,0.172236
resnet50,layer2.0.shortcut.1.running_var,layer2.0.shortcut.1.running_var|torch.float32|512,512,512,cpu_batch,cuda,numel_below_threshold,pass,True,True,True,True,True,0.000056089,512,0.172236
resnet50,layer2.1.bn1.running_mean,layer2.1.bn1.running_mean|torch.float32|128,128,128,cpu_batch,cuda,numel_below_threshold,pass,True,True,True,True,True,0.000002357,128,0.043059
resnet50,layer2.1.bn1.running_var,layer2.1.bn1.running_var|torch.float32|128,128,128,cpu_batch,cuda,numel_below_threshold,pass,True,True,True,True,True,0.000002593,128,0.043059
resnet50,layer2.1.bn2.running_mean,layer2.1.bn2.running_mean|torch.float32|128,128,128,cpu_batch,cuda,numel_below_threshold,pass,True,True,True,True,True,0.000002459,128,0.043059
resnet50,layer2.1.bn2.running_var,layer2.1.bn2.running_var|torch.float32|128,128,128,cpu_batch,cuda,numel_below_threshold,pass,True,True,True,True,True,0.000002519,128,0.043059
resnet50,layer2.1.bn3.running_mean,layer2.1.bn3.running_mean|torch.float32|512,512,512,cpu_batch,cuda,numel_below_threshold,pass,True,True,True,True,True,0.000006095,512,0.172236
resnet50,layer2.1.bn3.running_var,layer2.1.bn3.running_var|torch.float32|512,512,512,cpu_batch,cuda,numel_below_threshold,pass,True,True,True,True,True,0.000005825,512,0.172236
resnet50,layer2.2.bn1.running_mean,layer2.2.bn1.running_mean|torch.float32|128,128,128,cpu_batch,cuda,numel_below_threshold,pass,True,True,True,True,True,0.000002861,128,0.043059
resnet50,layer2.2.bn1.running_var,layer2.2.bn1.running_var|torch.float32|128,128,128,cpu_batch,cuda,numel_below_threshold,pass,True,True,True,True,True,0.000001900,128,0.043059
resnet50,layer2.2.bn2.running_mean,layer2.2.bn2.running_mean|torch.float32|128,128,128,cpu_batch,cuda,numel_below_threshold,pass,True,True,True,True,True,0.000002557,128,0.043059
resnet50,layer2.2.bn2.running_var,layer2.2.bn2.running_var|torch.float32|128,128,128,cpu_batch,cuda,numel_below_threshold,pass,True,True,True,True,True,0.000002374,128,0.043059
resnet50,layer2.2.bn3.running_mean,layer2.2.bn3.running_mean|torch.float32|512,512,512,cpu_batch,cuda,numel_below_threshold,pass,True,True,True,True,True,0.000006693,512,0.172236
resnet50,layer2.2.bn3.running_var,layer2.2.bn3.running_var|torch.float32|512,512,512,cpu_batch,cuda,numel_below_threshold,pass,True,True,True,True,True,0.000006271,512,0.172236
resnet50,layer2.3.bn1.running_mean,layer2.3.bn1.running_mean|torch.float32|128,128,128,cpu_batch,cuda,numel_below_threshold,pass,True,True,True,True,True,0.000002961,128,0.043059
resnet50,layer2.3.bn1.running_var,layer2.3.bn1.running_var|torch.float32|128,128,128,cpu_batch,cuda,numel_below_threshold,pass,True,True,True,True,True,0.000002623,128,0.043059
resnet50,layer2.3.bn2.running_mean,layer2.3.bn2.running_mean|torch.float32|128,128,128,cpu_batch,cuda,numel_below_threshold,pass,True,True,True,True,True,0.000002401,128,0.043059
resnet50,layer2.3.bn2.running_var,layer2.3.bn2.running_var|torch.float32|128,128,128,cpu_batch,cuda,numel_below_threshold,pass,True,True,True,True,True,0.000002645,128,0.043059
resnet50,layer2.3.bn3.running_mean,layer2.3.bn3.running_mean|torch.float32|512,512,512,cpu_batch,cuda,numel_below_threshold,pass,True,True,True,True,True,0.000005771,512,0.172236
resnet50,layer2.3.bn3.running_var,layer2.3.bn3.running_var|torch.float32|512,512,512,cpu_batch,cuda,numel_below_threshold,pass,True,True,True,True,True,0.000006105,512,0.172236
resnet50,layer3.0.bn1.running_mean,layer3.0.bn1.running_mean|torch.float32|256,256,256,cpu_batch,cuda,numel_below_threshold,pass,True,True,True,True,True,0.000003421,256,0.086118
resnet50,layer3.0.bn1.running_var,layer3.0.bn1.running_var|torch.float32|256,256,256,cpu_batch,cuda,numel_below_threshold,pass,True,True,True,True,True,0.000004095,256,0.086118
resnet50,layer3.0.bn2.running_mean,layer3.0.bn2.running_mean|torch.float32|256,256,256,cpu_batch,cuda,numel_below_threshold,pass,True,True,True,True,True,0.000003608,256,0.086118
resnet50,layer3.0.bn2.running_var,layer3.0.bn2.running_var|torch.float32|256,256,256,cpu_batch,cuda,numel_below_threshold,pass,True,True,True,True,True,0.000003637,256,0.086118
resnet50,layer3.0.bn3.running_mean,layer3.0.bn3.running_mean|torch.float32|1024,1024,1024,cpu_batch,cuda,numel_below_threshold,pass,True,True,True,True,True,0.000008459,1024,0.344471
resnet50,layer3.0.bn3.running_var,layer3.0.bn3.running_var|torch.float32|1024,1024,1024,cpu_batch,cuda,numel_below_threshold,pass,True,True,True,True,True,0.000008796,1024,0.344471
resnet50,layer3.0.shortcut.1.running_mean,layer3.0.shortcut.1.running_mean|torch.float32|1024,1024,1024,cpu_batch,cuda,numel_below_threshold,pass,True,True,True,True,True,0.000091624,1024,0.344471
resnet50,layer3.0.shortcut.1.running_var,layer3.0.shortcut.1.running_var|torch.float32|1024,1024,1024,cpu_batch,cuda,numel_below_threshold,pass,True,True,True,True,True,0.000088141,1024,0.344471
resnet50,layer3.1.bn1.running_mean,layer3.1.bn1.running_mean|torch.float32|256,256,256,cpu_batch,cuda,numel_below_threshold,pass,True,True,True,True,True,0.000004027,256,0.086118
resnet50,layer3.1.bn1.running_var,layer3.1.bn1.running_var|torch.float32|256,256,256,cpu_batch,cuda,numel_below_threshold,pass,True,True,True,True,True,0.000003872,256,0.086118
resnet50,layer3.1.bn2.running_mean,layer3.1.bn2.running_mean|torch.float32|256,256,256,cpu_batch,cuda,numel_below_threshold,pass,True,True,True,True,True,0.000004122,256,0.086118
resnet50,layer3.1.bn2.running_var,layer3.1.bn2.running_var|torch.float32|256,256,256,cpu_batch,cuda,numel_below_threshold,pass,True,True,True,True,True,0.000004171,256,0.086118
resnet50,layer3.1.bn3.running_mean,layer3.1.bn3.running_mean|torch.float32|1024,1024,1024,cpu_batch,cuda,numel_below_threshold,pass,True,True,True,True,True,0.000008961,1024,0.344471
resnet50,layer3.1.bn3.running_var,layer3.1.bn3.running_var|torch.float32|1024,1024,1024,cpu_batch,cuda,numel_below_threshold,pass,True,True,True,True,True,0.000008993,1024,0.344471
resnet50,layer3.2.bn1.running_mean,layer3.2.bn1.running_mean|torch.float32|256,256,256,cpu_batch,cuda,numel_below_threshold,pass,True,True,True,True,True,0.000003314,256,0.086118
resnet50,layer3.2.bn1.running_var,layer3.2.bn1.running_var|torch.float32|256,256,256,cpu_batch,cuda,numel_below_threshold,pass,True,True,True,True,True,0.000004379,256,0.086118
resnet50,layer3.2.bn2.running_mean,layer3.2.bn2.running_mean|torch.float32|256,256,256,cpu_batch,cuda,numel_below_threshold,pass,True,True,True,True,True,0.000002934,256,0.086118
resnet50,layer3.2.bn2.running_var,layer3.2.bn2.running_var|torch.float32|256,256,256,cpu_batch,cuda,numel_below_threshold,pass,True,True,True,True,True,0.000004076,256,0.086118
resnet50,layer3.2.bn3.running_mean,layer3.2.bn3.running_mean|torch.float32|1024,1024,1024,cpu_batch,cuda,numel_below_threshold,pass,True,True,True,True,True,0.000009273,1024,0.344471
resnet50,layer3.2.bn3.running_var,layer3.2.bn3.running_var|torch.float32|1024,1024,1024,cpu_batch,cuda,numel_below_threshold,pass,True,True,True,True,True,0.000007720,1024,0.344471
resnet50,layer3.3.bn1.running_mean,layer3.3.bn1.running_mean|torch.float32|256,256,256,cpu_batch,cuda,numel_below_threshold,pass,True,True,True,True,True,0.000004881,256,0.086118
resnet50,layer3.3.bn1.running_var,layer3.3.bn1.running_var|torch.float32|256,256,256,cpu_batch,cuda,numel_below_threshold,pass,True,True,True,True,True,0.000003333,256,0.086118
resnet50,layer3.3.bn2.running_mean,layer3.3.bn2.running_mean|torch.float32|256,256,256,cpu_batch,cuda,numel_below_threshold,pass,True,True,True,True,True,0.000003485,256,0.086118
resnet50,layer3.3.bn2.running_var,layer3.3.bn2.running_var|torch.float32|256,256,256,cpu_batch,cuda,numel_below_threshold,pass,True,True,True,True,True,0.000003943,256,0.086118
resnet50,layer3.3.bn3.running_mean,layer3.3.bn3.running_mean|torch.float32|1024,1024,1024,cpu_batch,cuda,numel_below_threshold,pass,True,True,True,True,True,0.000008737,1024,0.344471
resnet50,layer3.3.bn3.running_var,layer3.3.bn3.running_var|torch.float32|1024,1024,1024,cpu_batch,cuda,numel_below_threshold,pass,True,True,True,True,True,0.000010715,1024,0.344471
resnet50,layer3.4.bn1.running_mean,layer3.4.bn1.running_mean|torch.float32|256,256,256,cpu_batch,cuda,numel_below_threshold,pass,True,True,True,True,True,0.000003947,256,0.086118
resnet50,layer3.4.bn1.running_var,layer3.4.bn1.running_var|torch.float32|256,256,256,cpu_batch,cuda,numel_below_threshold,pass,True,True,True,True,True,0.000003276,256,0.086118
resnet50,layer3.4.bn2.running_mean,layer3.4.bn2.running_mean|torch.float32|256,256,256,cpu_batch,cuda,numel_below_threshold,pass,True,True,True,True,True,0.000003607,256,0.086118
resnet50,layer3.4.bn2.running_var,layer3.4.bn2.running_var|torch.float32|256,256,256,cpu_batch,cuda,numel_below_threshold,pass,True,True,True,True,True,0.000003496,256,0.086118
resnet50,layer3.4.bn3.running_mean,layer3.4.bn3.running_mean|torch.float32|1024,1024,1024,cpu_batch,cuda,numel_below_threshold,pass,True,True,True,True,True,0.000010270,1024,0.344471
resnet50,layer3.4.bn3.running_var,layer3.4.bn3.running_var|torch.float32|1024,1024,1024,cpu_batch,cuda,numel_below_threshold,pass,True,True,True,True,True,0.000009215,1024,0.344471
resnet50,layer3.5.bn1.running_mean,layer3.5.bn1.running_mean|torch.float32|256,256,256,cpu_batch,cuda,numel_below_threshold,pass,True,True,True,True,True,0.000003581,256,0.086118
resnet50,layer3.5.bn1.running_var,layer3.5.bn1.running_var|torch.float32|256,256,256,cpu_batch,cuda,numel_below_threshold,pass,True,True,True,True,True,0.000003653,256,0.086118
resnet50,layer3.5.bn2.running_mean,layer3.5.bn2.running_mean|torch.float32|256,256,256,cpu_batch,cuda,numel_below_threshold,pass,True,True,True,True,True,0.000003732,256,0.086118
resnet50,layer3.5.bn2.running_var,layer3.5.bn2.running_var|torch.float32|256,256,256,cpu_batch,cuda,numel_below_threshold,pass,True,True,True,True,True,0.000004578,256,0.086118
resnet50,layer3.5.bn3.running_mean,layer3.5.bn3.running_mean|torch.float32|1024,1024,1024,cpu_batch,cuda,numel_below_threshold,pass,True,True,True,True,True,0.000007850,1024,0.344471
resnet50,layer3.5.bn3.running_var,layer3.5.bn3.running_var|torch.float32|1024,1024,1024,cpu_batch,cuda,numel_below_threshold,pass,True,True,True,True,True,0.000009400,1024,0.344471
resnet50,layer4.0.bn1.running_mean,layer4.0.bn1.running_mean|torch.float32|512,512,512,cpu_batch,cuda,numel_below_threshold,pass,True,True,True,True,True,0.000005680,512,0.172236
resnet50,layer4.0.bn1.running_var,layer4.0.bn1.running_var|torch.float32|512,512,512,cpu_batch,cuda,numel_below_threshold,pass,True,True,True,True,True,0.000005942,512,0.172236
resnet50,layer4.0.bn2.running_mean,layer4.0.bn2.running_mean|torch.float32|512,512,512,cpu_batch,cuda,numel_below_threshold,pass,True,True,True,True,True,0.000005209,512,0.172236
resnet50,layer4.0.bn2.running_var,layer4.0.bn2.running_var|torch.float32|512,512,512,cpu_batch,cuda,numel_below_threshold,pass,True,True,True,True,True,0.000005697,512,0.172236
resnet50,layer4.0.bn3.running_mean,layer4.0.bn3.running_mean|torch.float32|2048,2048,2048,cuda,cuda,,pass,True,True,True,True,True,0.000012314,2048,0.000977
resnet50,layer4.0.bn3.running_var,layer4.0.bn3.running_var|torch.float32|2048,2048,2048,cuda,cuda,,pass,True,True,True,True,True,0.000014513,2048,0.000977
resnet50,layer4.0.shortcut.1.running_mean,layer4.0.shortcut.1.running_mean|torch.float32|2048,2048,2048,cuda,cuda,,pass,True,True,True,True,True,0.000131393,2048,0.000977
resnet50,layer4.0.shortcut.1.running_var,layer4.0.shortcut.1.running_var|torch.float32|2048,2048,2048,cuda,cuda,,pass,True,True,True,True,True,0.000131012,2048,0.000977
resnet50,layer4.1.bn1.running_mean,layer4.1.bn1.running_mean|torch.float32|512,512,512,cpu_batch,cuda,numel_below_threshold,pass,True,True,True,True,True,0.000005381,512,0.172236
resnet50,layer4.1.bn1.running_var,layer4.1.bn1.running_var|torch.float32|512,512,512,cpu_batch,cuda,numel_below_threshold,pass,True,True,True,True,True,0.000005997,512,0.172236
resnet50,layer4.1.bn2.running_mean,layer4.1.bn2.running_mean|torch.float32|512,512,512,cpu_batch,cuda,numel_below_threshold,pass,True,True,True,True,True,0.000005913,512,0.172236
resnet50,layer4.1.bn2.running_var,layer4.1.bn2.running_var|torch.float32|512,512,512,cpu_batch,cuda,numel_below_threshold,pass,True,True,True,True,True,0.000006062,512,0.172236
resnet50,layer4.1.bn3.running_mean,layer4.1.bn3.running_mean|torch.float32|2048,2048,2048,cuda,cuda,,pass,True,True,True,True,True,0.000012435,2048,0.000977
resnet50,layer4.1.bn3.running_var,layer4.1.bn3.running_var|torch.float32|2048,2048,2048,cuda,cuda,,pass,True,True,True,True,True,0.000012813,2048,0.000977
resnet50,layer4.2.bn1.running_mean,layer4.2.bn1.running_mean|torch.float32|512,512,512,cpu_batch,cuda,numel_below_threshold,pass,True,True,True,True,True,0.000004800,512,0.172236
resnet50,layer4.2.bn1.running_var,layer4.2.bn1.running_var|torch.float32|512,512,512,cpu_batch,cuda,numel_below_threshold,pass,True,True,True,True,True,0.000005685,512,0.172236
resnet50,layer4.2.bn2.running_mean,layer4.2.bn2.running_mean|torch.float32|512,512,512,cpu_batch,cuda,numel_below_threshold,pass,True,True,True,True,True,0.000005559,512,0.172236
resnet50,layer4.2.bn2.running_var,layer4.2.bn2.running_var|torch.float32|512,512,512,cpu_batch,cuda,numel_below_threshold,pass,True,True,True,True,True,0.000006357,512,0.172236
resnet50,layer4.2.bn3.running_mean,layer4.2.bn3.running_mean|torch.float32|2048,2048,2048,cuda,cuda,,pass,True,True,True,True,True,0.000011870,2048,0.000977
resnet50,layer4.2.bn3.running_var,layer4.2.bn3.running_var|torch.float32|2048,2048,2048,cuda,cuda,,pass,True,True,True,True,True,0.000013836,2048,0.000977
resnet18,conv1.weight,conv1.weight|torch.float32|64x3x3x3,64x3x3x3,1728,cpu_batch,cuda,numel_below_threshold,pass,True,True,True,True,True,0.000167795,1728,0.909262
resnet18,bn1.weight,bn1.weight|torch.float32|64,64,64,cpu_batch,cuda,numel_below_threshold,pass,True,True,True,True,True,0.000003514,64,0.033676
resnet18,bn1.bias,bn1.bias|torch.float32|64,64,64,cpu_batch,cuda,numel_below_threshold,pass,True,True,True,True,True,0.000002844,64,0.033676
resnet18,bn1.running_mean,bn1.running_mean|torch.float32|64,64,64,cpu_batch,cuda,numel_below_threshold,pass,True,True,True,True,True,0.000002624,64,0.033676
resnet18,bn1.running_var,bn1.running_var|torch.float32|64,64,64,cpu_batch,cuda,numel_below_threshold,pass,True,True,True,True,True,0.000002922,64,0.033676
resnet18,layer1.0.conv1.weight,layer1.0.conv1.weight|torch.float32|64x64x3x3,64x64x3x3,36864,cuda,cuda,,pass,True,True,True,True,True,0.001083027,36864,0.016161
resnet18,layer1.0.bn1.weight,layer1.0.bn1.weight|torch.float32|64,64,64,cpu_batch,cuda,numel_below_threshold,pass,True,True,True,True,True,0.000002363,64,0.033676
resnet18,layer1.0.bn1.bias,layer1.0.bn1.bias|torch.float32|64,64,64,cpu_batch,cuda,numel_below_threshold,pass,True,True,True,True,True,0.000002751,64,0.033676
resnet18,layer1.0.bn1.running_mean,layer1.0.bn1.running_mean|torch.float32|64,64,64,cpu_batch,cuda,numel_below_threshold,pass,True,True,True,True,True,0.000002227,64,0.033676
resnet18,layer1.0.bn1.running_var,layer1.0.bn1.running_var|torch.float32|64,64,64,cpu_batch,cuda,numel_below_threshold,pass,True,True,True,True,True,0.000002647,64,0.033676
resnet18,layer1.0.conv2.weight,layer1.0.conv2.weight|torch.float32|64x64x3x3,64x64x3x3,36864,cuda,cuda,,pass,True,True,True,True,True,0.000944625,36864,0.016161
resnet18,layer1.0.bn2.weight,layer1.0.bn2.weight|torch.float32|64,64,64,cpu_batch,cuda,numel_below_threshold,pass,True,True,True,True,True,0.000002081,64,0.033676
resnet18,layer1.0.bn2.bias,layer1.0.bn2.bias|torch.float32|64,64,64,cpu_batch,cuda,numel_below_threshold,pass,True,True,True,True,True,0.000002293,64,0.033676
resnet18,layer1.0.bn2.running_mean,layer1.0.bn2.running_mean|torch.float32|64,64,64,cpu_batch,cuda,numel_below_threshold,pass,True,True,True,True,True,0.000003295,64,0.033676
resnet18,layer1.0.bn2.running_var,layer1.0.bn2.running_var|torch.float32|64,64,64,cpu_batch,cuda,numel_below_threshold,pass,True,True,True,True,True,0.000002335,64,0.033676
resnet18,layer1.1.conv1.weight,layer1.1.conv1.weight|torch.float32|64x64x3x3,64x64x3x3,36864,cuda,cuda,,pass,True,True,True,True,True,0.000967275,36864,0.016161
resnet18,layer1.1.bn1.weight,layer1.1.bn1.weight|torch.float32|64,64,64,cpu_batch,cuda,numel_below_threshold,pass,True,True,True,True,True,0.000002394,64,0.033676
resnet18,layer1.1.bn1.bias,layer1.1.bn1.bias|torch.float32|64,64,64,cpu_batch,cuda,numel_below_threshold,pass,True,True,True,True,True,0.000002403,64,0.033676
resnet18,layer1.1.bn1.running_mean,layer1.1.bn1.running_mean|torch.float32|64,64,64,cpu_batch,cuda,numel_below_threshold,pass,True,True,True,True,True,0.000002055,64,0.033676
resnet18,layer1.1.bn1.running_var,layer1.1.bn1.running_var|torch.float32|64,64,64,cpu_batch,cuda,numel_below_threshold,pass,True,True,True,True,True,0.000003278,64,0.033676
resnet18,layer1.1.conv2.weight,layer1.1.conv2.weight|torch.float32|64x64x3x3,64x64x3x3,36864,cuda,cuda,,pass,True,True,True,True,True,0.000929392,36864,0.016161
resnet18,layer1.1.bn2.weight,layer1.1.bn2.weight|torch.float32|64,64,64,cpu_batch,cuda,numel_below_threshold,pass,True,True,True,True,True,0.000002927,64,0.033676
resnet18,layer1.1.bn2.bias,layer1.1.bn2.bias|torch.float32|64,64,64,cpu_batch,cuda,numel_below_threshold,pass,True,True,True,True,True,0.000002481,64,0.033676
resnet18,layer1.1.bn2.running_mean,layer1.1.bn2.running_mean|torch.float32|64,64,64,cpu_batch,cuda,numel_below_threshold,pass,True,True,True,True,True,0.000002577,64,0.033676
resnet18,layer1.1.bn2.running_var,layer1.1.bn2.running_var|torch.float32|64,64,64,cpu_batch,cuda,numel_below_threshold,pass,True,True,True,True,True,0.000002613,64,0.033676
resnet18,layer2.0.conv1.weight,layer2.0.conv1.weight|torch.float32|128x64x3x3,128x64x3x3,73728,cuda,cuda,,pass,True,True,True,True,True,0.001392847,73728,0.032321
resnet18,layer2.0.bn1.weight,layer2.0.bn1.weight|torch.float32|128,128,128,cpu_batch,cuda,numel_below_threshold,pass,True,True,True,True,True,0.000003526,128,0.067353
resnet18,layer2.0.bn1.bias,layer2.0.bn1.bias|torch.float32|128,128,128,cpu_batch,cuda,numel_below_threshold,pass,True,True,True,True,True,0.000004457,128,0.067353
resnet18,layer2.0.bn1.running_mean,layer2.0.bn1.running_mean|torch.float32|128,128,128,cpu_batch,cuda,numel_below_threshold,pass,True,True,True,True,True,0.000003998,128,0.067353
resnet18,layer2.0.bn1.running_var,layer2.0.bn1.running_var|torch.float32|128,128,128,cpu_batch,cuda,numel_below_threshold,pass,True,True,True,True,True,0.000004110,128,0.067353
resnet18,layer2.0.conv2.weight,layer2.0.conv2.weight|torch.float32|128x128x3x3,128x128x3x3,147456,cuda,cuda,,pass,True,True,True,True,True,0.002017271,147456,0.064642
resnet18,layer2.0.bn2.weight,layer2.0.bn2.weight|torch.float32|128,128,128,cpu_batch,cuda,numel_below_threshold,pass,True,True,True,True,True,0.000003573,128,0.067353
resnet18,layer2.0.bn2.bias,layer2.0.bn2.bias|torch.float32|128,128,128,cpu_batch,cuda,numel_below_threshold,pass,True,True,True,True,True,0.000003348,128,0.067353
resnet18,layer2.0.bn2.running_mean,layer2.0.bn2.running_mean|torch.float32|128,128,128,cpu_batch,cuda,numel_below_threshold,pass,True,True,True,True,True,0.000003877,128,0.067353
resnet18,layer2.0.bn2.running_var,layer2.0.bn2.running_var|torch.float32|128,128,128,cpu_batch,cuda,numel_below_threshold,pass,True,True,True,True,True,0.000003679,128,0.067353
resnet18,layer2.0.shortcut.0.weight,layer2.0.shortcut.0.weight|torch.float32|128x64x1x1,128x64x1x1,8192,cuda,cuda,,pass,True,True,True,True,True,0.000422028,8192,0.003591
resnet18,layer2.0.shortcut.1.weight,layer2.0.shortcut.1.weight|torch.float32|128,128,128,cpu_batch,cuda,numel_below_threshold,pass,True,True,True,True,True,0.000032237,128,0.067353
resnet18,layer2.0.shortcut.1.bias,layer2.0.shortcut.1.bias|torch.float32|128,128,128,cpu_batch,cuda,numel_below_threshold,pass,True,True,True,True,True,0.000034762,128,0.067353
resnet18,layer2.0.shortcut.1.running_mean,layer2.0.shortcut.1.running_mean|torch.float32|128,128,128,cpu_batch,cuda,numel_below_threshold,pass,True,True,True,True,True,0.000041158,128,0.067353
resnet18,layer2.0.shortcut.1.running_var,layer2.0.shortcut.1.running_var|torch.float32|128,128,128,cpu_batch,cuda,numel_below_threshold,pass,True,True,True,True,True,0.000041089,128,0.067353
resnet18,layer2.1.conv1.weight,layer2.1.conv1.weight|torch.float32|128x128x3x3,128x128x3x3,147456,cuda,cuda,,pass,True,True,True,True,True,0.002130246,147456,0.064642
resnet18,layer2.1.bn1.weight,layer2.1.bn1.weight|torch.float32|128,128,128,cpu_batch,cuda,numel_below_threshold,pass,True,True,True,True,True,0.000003376,128,0.067353
resnet18,layer2.1.bn1.bias,layer2.1.bn1.bias|torch.float32|128,128,128,cpu_batch,cuda,numel_below_threshold,pass,True,True,True,True,True,0.000004269,128,0.067353
resnet18,layer2.1.bn1.running_mean,layer2.1.bn1.running_mean|torch.float32|128,128,128,cpu_batch,cuda,numel_below_threshold,pass,True,True,True,True,True,0.000003017,128,0.067353
resnet18,layer2.1.bn1.running_var,layer2.1.bn1.running_var|torch.float32|128,128,128,cpu_batch,cuda,numel_below_threshold,pass,True,True,True,True,True,0.000004579,128,0.067353
resnet18,layer2.1.conv2.weight,layer2.1.conv2.weight|torch.float32|128x128x3x3,128x128x3x3,147456,cuda,cuda,,pass,True,True,True,True,True,0.002048807,147456,0.064642
resnet18,layer2.1.bn2.weight,layer2.1.bn2.weight|torch.float32|128,128,128,cpu_batch,cuda,numel_below_threshold,pass,True,True,True,True,True,0.000003091,128,0.067353
resnet18,layer2.1.bn2.bias,layer2.1.bn2.bias|torch.float32|128,128,128,cpu_batch,cuda,numel_below_threshold,pass,True,True,True,True,True,0.000004046,128,0.067353
resnet18,layer2.1.bn2.running_mean,layer2.1.bn2.running_mean|torch.float32|128,128,128,cpu_batch,cuda,numel_below_threshold,pass,True,True,True,True,True,0.000003524,128,0.067353
resnet18,layer2.1.bn2.running_var,layer2.1.bn2.running_var|torch.float32|128,128,128,cpu_batch,cuda,numel_below_threshold,pass,True,True,True,True,True,0.000004725,128,0.067353
resnet18,layer3.0.conv1.weight,layer3.0.conv1.weight|torch.float32|256x128x3x3,256x128x3x3,294912,cuda,cuda,,pass,True,True,True,True,True,0.002966898,294912,0.129284
resnet18,layer3.0.bn1.weight,layer3.0.bn1.weight|torch.float32|256,256,256,cpu_batch,cuda,numel_below_threshold,pass,True,True,True,True,True,0.000006983,256,0.134706
resnet18,layer3.0.bn1.bias,layer3.0.bn1.bias|torch.float32|256,256,256,cpu_batch,cuda,numel_below_threshold,pass,True,True,True,True,True,0.000005205,256,0.134706
resnet18,layer3.0.bn1.running_mean,layer3.0.bn1.running_mean|torch.float32|256,256,256,cpu_batch,cuda,numel_below_threshold,pass,True,True,True,True,True,0.000004862,256,0.134706
resnet18,layer3.0.bn1.running_var,layer3.0.bn1.running_var|torch.float32|256,256,256,cpu_batch,cuda,numel_below_threshold,pass,True,True,True,True,True,0.000005568,256,0.134706
resnet18,layer3.0.conv2.weight,layer3.0.conv2.weight|torch.float32|256x256x3x3,256x256x3x3,589824,cuda,cuda,,pass,True,True,True,True,True,0.004517903,589824,0.258569
resnet18,layer3.0.bn2.weight,layer3.0.bn2.weight|torch.float32|256,256,256,cpu_batch,cuda,numel_below_threshold,pass,True,True,True,True,True,0.000005685,256,0.134706
resnet18,layer3.0.bn2.bias,layer3.0.bn2.bias|torch.float32|256,256,256,cpu_batch,cuda,numel_below_threshold,pass,True,True,True,True,True,0.000005089,256,0.134706
resnet18,layer3.0.bn2.running_mean,layer3.0.bn2.running_mean|torch.float32|256,256,256,cpu_batch,cuda,numel_below_threshold,pass,True,True,True,True,True,0.000005613,256,0.134706
resnet18,layer3.0.bn2.running_var,layer3.0.bn2.running_var|torch.float32|256,256,256,cpu_batch,cuda,numel_below_threshold,pass,True,True,True,True,True,0.000006655,256,0.134706
resnet18,layer3.0.shortcut.0.weight,layer3.0.shortcut.0.weight|torch.float32|256x128x1x1,256x128x1x1,32768,cuda,cuda,,pass,True,True,True,True,True,0.000888586,32768,0.014365
resnet18,layer3.0.shortcut.1.weight,layer3.0.shortcut.1.weight|torch.float32|256,256,256,cpu_batch,cuda,numel_below_threshold,pass,True,True,True,True,True,0.000053156,256,0.134706
resnet18,layer3.0.shortcut.1.bias,layer3.0.shortcut.1.bias|torch.float32|256,256,256,cpu_batch,cuda,numel_below_threshold,pass,True,True,True,True,True,0.000061429,256,0.134706
resnet18,layer3.0.shortcut.1.running_mean,layer3.0.shortcut.1.running_mean|torch.float32|256,256,256,cpu_batch,cuda,numel_below_threshold,pass,True,True,True,True,True,0.000053408,256,0.134706
resnet18,layer3.0.shortcut.1.running_var,layer3.0.shortcut.1.running_var|torch.float32|256,256,256,cpu_batch,cuda,numel_below_threshold,pass,True,True,True,True,True,0.000062364,256,0.134706
resnet18,layer3.1.conv1.weight,layer3.1.conv1.weight|torch.float32|256x256x3x3,256x256x3x3,589824,cuda,cuda,,pass,True,True,True,True,True,0.004413906,589824,0.258569
resnet18,layer3.1.bn1.weight,layer3.1.bn1.weight|torch.float32|256,256,256,cpu_batch,cuda,numel_below_threshold,pass,True,True,True,True,True,0.000006320,256,0.134706
resnet18,layer3.1.bn1.bias,layer3.1.bn1.bias|torch.float32|256,256,256,cpu_batch,cuda,numel_below_threshold,pass,True,True,True,True,True,0.000006329,256,0.134706
resnet18,layer3.1.bn1.running_mean,layer3.1.bn1.running_mean|torch.float32|256,256,256,cpu_batch,cuda,numel_below_threshold,pass,True,True,True,True,True,0.000005758,256,0.134706
resnet18,layer3.1.bn1.running_var,layer3.1.bn1.running_var|torch.float32|256,256,256,cpu_batch,cuda,numel_below_threshold,pass,True,True,True,True,True,0.000005513,256,0.134706
resnet18,layer3.1.conv2.weight,layer3.1.conv2.weight|torch.float32|256x256x3x3,256x256x3x3,589824,cuda,cuda,,pass,True,True,True,True,True,0.004240609,589824,0.258569
resnet18,layer3.1.bn2.weight,layer3.1.bn2.weight|torch.float32|256,256,256,cpu_batch,cuda,numel_below_threshold,pass,True,True,True,True,True,0.000004902,256,0.134706
resnet18,layer3.1.bn2.bias,layer3.1.bn2.bias|torch.float32|256,256,256,cpu_batch,cuda,numel_below_threshold,pass,True,True,True,True,True,0.000005346,256,0.134706
resnet18,layer3.1.bn2.running_mean,layer3.1.bn2.running_mean|torch.float32|256,256,256,cpu_batch,cuda,numel_below_threshold,pass,True,True,True,True,True,0.000005007,256,0.134706
resnet18,layer3.1.bn2.running_var,layer3.1.bn2.running_var|torch.float32|256,256,256,cpu_batch,cuda,numel_below_threshold,pass,True,True,True,True,True,0.000005080,256,0.134706
resnet18,layer4.0.conv1.weight,layer4.0.conv1.weight|torch.float32|512x256x3x3,512x256x3x3,1179648,cuda,cuda,,pass,True,True,True,True,True,0.006107337,1179648,0.517138
resnet18,layer4.0.bn1.weight,layer4.0.bn1.weight|torch.float32|512,512,512,cpu_batch,cuda,numel_below_threshold,pass,True,True,True,True,True,0.000008779,512,0.269411
resnet18,layer4.0.bn1.bias,layer4.0.bn1.bias|torch.float32|512,512,512,cpu_batch,cuda,numel_below_threshold,pass,True,True,True,True,True,0.000008171,512,0.269411
resnet18,layer4.0.bn1.running_mean,layer4.0.bn1.running_mean|torch.float32|512,512,512,cpu_batch,cuda,numel_below_threshold,pass,True,True,True,True,True,0.000008540,512,0.269411
resnet18,layer4.0.bn1.running_var,layer4.0.bn1.running_var|torch.float32|512,512,512,cpu_batch,cuda,numel_below_threshold,pass,True,True,True,True,True,0.000010856,512,0.269411
resnet18,layer4.0.conv2.weight,layer4.0.conv2.weight|torch.float32|512x512x3x3,512x512x3x3,2359296,cuda,cuda,,pass,True,True,True,True,True,0.009432862,2359296,1.034275
resnet18,layer4.0.bn2.weight,layer4.0.bn2.weight|torch.float32|512,512,512,cpu_batch,cuda,numel_below_threshold,pass,True,True,True,True,True,0.000008982,512,0.269411
resnet18,layer4.0.bn2.bias,layer4.0.bn2.bias|torch.float32|512,512,512,cpu_batch,cuda,numel_below_threshold,pass,True,True,True,True,True,0.000008911,512,0.269411
resnet18,layer4.0.bn2.running_mean,layer4.0.bn2.running_mean|torch.float32|512,512,512,cpu_batch,cuda,numel_below_threshold,pass,True,True,True,True,True,0.000009527,512,0.269411
resnet18,layer4.0.bn2.running_var,layer4.0.bn2.running_var|torch.float32|512,512,512,cpu_batch,cuda,numel_below_threshold,pass,True,True,True,True,True,0.000009072,512,0.269411
resnet18,layer4.0.shortcut.0.weight,layer4.0.shortcut.0.weight|torch.float32|512x256x1x1,512x256x1x1,131072,cuda,cuda,,pass,True,True,True,True,True,0.002015039,131072,0.057460
resnet18,layer4.0.shortcut.1.weight,layer4.0.shortcut.1.weight|torch.float32|512,512,512,cpu_batch,cuda,numel_below_threshold,pass,True,True,True,True,True,0.000098870,512,0.269411
resnet18,layer4.0.shortcut.1.bias,layer4.0.shortcut.1.bias|torch.float32|512,512,512,cpu_batch,cuda,numel_below_threshold,pass,True,True,True,True,True,0.000087386,512,0.269411
resnet18,layer4.0.shortcut.1.running_mean,layer4.0.shortcut.1.running_mean|torch.float32|512,512,512,cpu_batch,cuda,numel_below_threshold,pass,True,True,True,True,True,0.000092209,512,0.269411
resnet18,layer4.0.shortcut.1.running_var,layer4.0.shortcut.1.running_var|torch.float32|512,512,512,cpu_batch,cuda,numel_below_threshold,pass,True,True,True,True,True,0.000082772,512,0.269411
resnet18,layer4.1.conv1.weight,layer4.1.conv1.weight|torch.float32|512x512x3x3,512x512x3x3,2359296,cuda,cuda,,pass,True,True,True,True,True,0.010148853,2359296,1.034275
resnet18,layer4.1.bn1.weight,layer4.1.bn1.weight|torch.float32|512,512,512,cpu_batch,cuda,numel_below_threshold,pass,True,True,True,True,True,0.000008675,512,0.269411
resnet18,layer4.1.bn1.bias,layer4.1.bn1.bias|torch.float32|512,512,512,cpu_batch,cuda,numel_below_threshold,pass,True,True,True,True,True,0.000007309,512,0.269411
resnet18,layer4.1.bn1.running_mean,layer4.1.bn1.running_mean|torch.float32|512,512,512,cpu_batch,cuda,numel_below_threshold,pass,True,True,True,True,True,0.000009763,512,0.269411
resnet18,layer4.1.bn1.running_var,layer4.1.bn1.running_var|torch.float32|512,512,512,cpu_batch,cuda,numel_below_threshold,pass,True,True,True,True,True,0.000008382,512,0.269411
resnet18,layer4.1.conv2.weight,layer4.1.conv2.weight|torch.float32|512x512x3x3,512x512x3x3,2359296,cuda,cuda,,pass,True,True,True,True,True,0.009376226,2359296,1.034275
resnet18,layer4.1.bn2.weight,layer4.1.bn2.weight|torch.float32|512,512,512,cpu_batch,cuda,numel_below_threshold,pass,True,True,True,True,True,0.000008359,512,0.269411
resnet18,layer4.1.bn2.bias,layer4.1.bn2.bias|torch.float32|512,512,512,cpu_batch,cuda,numel_below_threshold,pass,True,True,True,True,True,0.000007973,512,0.269411
resnet18,layer4.1.bn2.running_mean,layer4.1.bn2.running_mean|torch.float32|512,512,512,cpu_batch,cuda,numel_below_threshold,pass,True,True,True,True,True,0.000007918,512,0.269411
resnet18,layer4.1.bn2.running_var,layer4.1.bn2.running_var|torch.float32|512,512,512,cpu_batch,cuda,numel_below_threshold,pass,True,True,True,True,True,0.000009803,512,0.269411
resnet18,linear.weight,linear.weight|torch.float32|10x512,10x512,5120,cuda,cuda,,pass,True,True,True,True,True,0.000372052,5120,0.002245
