payload_mb,direction,host_buffer_kind,allocation_policy,copy_api,sync_location,repeat_index,wall_ms,cuda_event_ms,gb_per_s_wall,gb_per_s_event,status
8,d2h,pageable,new_each_time,torch.Tensor.copy_,cuda_event_end_synchronize,0,3.732515,3.645984,2.093093,2.142769,ok
8,d2h,pageable,new_each_time,torch.Tensor.copy_,cuda_event_end_synchronize,1,5.094171,5.076416,1.533616,1.538979,ok
8,d2h,pageable,new_each_time,torch.Tensor.copy_,cuda_event_end_synchronize,2,3.423832,3.406784,2.281800,2.293218,ok
8,d2h,pageable,new_each_time,torch.Tensor.copy_,cuda_event_end_synchronize,3,3.402593,3.387680,2.296043,2.306150,ok
8,d2h,pageable,new_each_time,torch.Tensor.copy_,cuda_event_end_synchronize,4,3.427207,3.411488,2.279553,2.290056,ok
8,d2h,pageable,new_each_time,torch.Tensor.copy_,cuda_event_end_synchronize,5,1.789305,1.774688,4.366220,4.402182,ok
8,d2h,pageable,new_each_time,torch.Tensor.copy_,cuda_event_end_synchronize,6,1.772655,1.758304,4.407231,4.443202,ok
8,d2h,pageable,new_each_time,torch.Tensor.copy_,cuda_event_end_synchronize,7,1.871868,1.856800,4.173638,4.207508,ok
8,d2h,pageable,new_each_time,torch.Tensor.copy_,cuda_event_end_synchronize,8,1.835605,1.820672,4.256090,4.290998,ok
8,d2h,pageable,new_each_time,torch.Tensor.copy_,cuda_event_end_synchronize,9,1.879346,1.863872,4.157032,4.191543,ok
8,d2h,pageable,new_each_time,torch.Tensor.copy_,cuda_event_end_synchronize,10,1.844820,1.829984,4.234831,4.269163,ok
8,d2h,pageable,new_each_time,torch.Tensor.copy_,cuda_event_end_synchronize,11,1.830815,1.815744,4.267224,4.302644,ok
8,d2h,pageable,new_each_time,torch.Tensor.copy_,cuda_event_end_synchronize,12,1.826771,1.811968,4.276673,4.311610,ok
8,d2h,pageable,new_each_time,torch.Tensor.copy_,cuda_event_end_synchronize,13,1.838483,1.823840,4.249428,4.283545,ok
8,d2h,pageable,new_each_time,torch.Tensor.copy_,cuda_event_end_synchronize,14,1.834094,1.818720,4.259597,4.295604,ok
8,d2h,pageable,new_each_time,torch.Tensor.copy_,cuda_event_end_synchronize,15,1.885409,1.871328,4.143664,4.174843,ok
8,d2h,pageable,new_each_time,torch.Tensor.copy_,cuda_event_end_synchronize,16,1.842102,1.827392,4.241079,4.275218,ok
8,d2h,pageable,new_each_time,torch.Tensor.copy_,cuda_event_end_synchronize,17,1.829050,1.814880,4.271344,4.304692,ok
8,d2h,pageable,new_each_time,torch.Tensor.copy_,cuda_event_end_synchronize,18,1.830956,1.816448,4.266897,4.300976,ok
8,d2h,pageable,new_each_time,torch.Tensor.copy_,cuda_event_end_synchronize,19,1.842258,1.828352,4.240721,4.272974,ok
8,h2d,pageable,new_each_time,torch.Tensor.copy_,cuda_event_end_synchronize,0,1.269277,1.255584,6.155078,6.222204,ok
8,h2d,pageable,new_each_time,torch.Tensor.copy_,cuda_event_end_synchronize,1,1.247559,1.232384,6.262230,6.339339,ok
8,h2d,pageable,new_each_time,torch.Tensor.copy_,cuda_event_end_synchronize,2,1.298229,1.284576,6.017813,6.081773,ok
8,h2d,pageable,new_each_time,torch.Tensor.copy_,cuda_event_end_synchronize,3,1.357291,1.343936,5.755951,5.813149,ok
8,h2d,pageable,new_each_time,torch.Tensor.copy_,cuda_event_end_synchronize,4,1.221304,1.207232,6.396852,6.471416,ok
8,h2d,pageable,new_each_time,torch.Tensor.copy_,cuda_event_end_synchronize,5,1.157430,1.142368,6.749868,6.838865,ok
8,h2d,pageable,new_each_time,torch.Tensor.copy_,cuda_event_end_synchronize,6,1.020819,1.005824,7.653169,7.767264,ok
8,h2d,pageable,new_each_time,torch.Tensor.copy_,cuda_event_end_synchronize,7,0.947149,0.933568,8.248442,8.368432,ok
8,h2d,pageable,new_each_time,torch.Tensor.copy_,cuda_event_end_synchronize,8,0.888128,0.873856,8.796594,8.940260,ok
8,h2d,pageable,new_each_time,torch.Tensor.copy_,cuda_event_end_synchronize,9,0.923584,0.909152,8.458893,8.593173,ok
8,h2d,pageable,new_each_time,torch.Tensor.copy_,cuda_event_end_synchronize,10,0.880186,0.864608,8.875970,9.035887,ok
8,h2d,pageable,new_each_time,torch.Tensor.copy_,cuda_event_end_synchronize,11,0.901776,0.887584,8.663456,8.801984,ok
8,h2d,pageable,new_each_time,torch.Tensor.copy_,cuda_event_end_synchronize,12,0.881478,0.867712,8.862953,9.003563,ok
8,h2d,pageable,new_each_time,torch.Tensor.copy_,cuda_event_end_synchronize,13,0.883646,0.869216,8.841207,8.987984,ok
8,h2d,pageable,new_each_time,torch.Tensor.copy_,cuda_event_end_synchronize,14,0.870886,0.856640,8.970747,9.119934,ok
8,h2d,pageable,new_each_time,torch.Tensor.copy_,cuda_event_end_synchronize,15,0.886462,0.872832,8.813128,8.950749,ok
8,h2d,pageable,new_each_time,torch.Tensor.copy_,cuda_event_end_synchronize,16,0.865768,0.851744,9.023783,9.172357,ok
8,h2d,pageable,new_each_time,torch.Tensor.copy_,cuda_event_end_synchronize,17,0.887064,0.872384,8.807141,8.955345,ok
8,h2d,pageable,new_each_time,torch.Tensor.copy_,cuda_event_end_synchronize,18,0.887681,0.873792,8.801024,8.940915,ok
8,h2d,pageable,new_each_time,torch.Tensor.copy_,cuda_event_end_synchronize,19,0.867537,0.853280,9.005377,9.155846,ok
8,d2h,pinned,new_each_time,torch.Tensor.copy_,cuda_event_end_synchronize,0,0.680107,0.658816,11.487168,11.858395,ok
8,d2h,pinned,new_each_time,torch.Tensor.copy_,cuda_event_end_synchronize,1,0.676066,0.653984,11.555830,11.946011,ok
8,d2h,pinned,new_each_time,torch.Tensor.copy_,cuda_event_end_synchronize,2,0.663045,0.647040,11.782762,12.074215,ok
8,d2h,pinned,new_each_time,torch.Tensor.copy_,cuda_event_end_synchronize,3,0.660399,0.646240,11.829970,12.089162,ok
8,d2h,pinned,new_each_time,torch.Tensor.copy_,cuda_event_end_synchronize,4,0.659224,0.645728,11.851062,12.098748,ok
8,d2h,pinned,new_each_time,torch.Tensor.copy_,cuda_event_end_synchronize,5,0.657918,0.644672,11.874581,12.118566,ok
8,d2h,pinned,new_each_time,torch.Tensor.copy_,cuda_event_end_synchronize,6,0.658950,0.645376,11.855986,12.105346,ok
8,d2h,pinned,new_each_time,torch.Tensor.copy_,cuda_event_end_synchronize,7,0.657535,0.644128,11.881494,12.128800,ok
8,d2h,pinned,new_each_time,torch.Tensor.copy_,cuda_event_end_synchronize,8,0.658322,0.644768,11.867291,12.116761,ok
8,d2h,pinned,new_each_time,torch.Tensor.copy_,cuda_event_end_synchronize,9,0.658037,0.643968,11.872430,12.131814,ok
8,d2h,pinned,new_each_time,torch.Tensor.copy_,cuda_event_end_synchronize,10,0.657385,0.644064,11.884204,12.130006,ok
8,d2h,pinned,new_each_time,torch.Tensor.copy_,cuda_event_end_synchronize,11,0.657531,0.644128,11.881578,12.128800,ok
8,d2h,pinned,new_each_time,torch.Tensor.copy_,cuda_event_end_synchronize,12,0.658482,0.644640,11.864404,12.119167,ok
8,d2h,pinned,new_each_time,torch.Tensor.copy_,cuda_event_end_synchronize,13,0.658166,0.645056,11.870112,12.111351,ok
8,d2h,pinned,new_each_time,torch.Tensor.copy_,cuda_event_end_synchronize,14,0.660094,0.645888,11.835445,12.095751,ok
8,d2h,pinned,new_each_time,torch.Tensor.copy_,cuda_event_end_synchronize,15,0.659216,0.645152,11.851195,12.109550,ok
8,d2h,pinned,new_each_time,torch.Tensor.copy_,cuda_event_end_synchronize,16,0.659927,0.645376,11.838434,12.105346,ok
8,d2h,pinned,new_each_time,torch.Tensor.copy_,cuda_event_end_synchronize,17,0.659673,0.645120,11.842980,12.110150,ok
8,d2h,pinned,new_each_time,torch.Tensor.copy_,cuda_event_end_synchronize,18,0.659160,0.644544,11.852200,12.120972,ok
8,d2h,pinned,new_each_time,torch.Tensor.copy_,cuda_event_end_synchronize,19,0.659543,0.644864,11.845322,12.114957,ok
8,h2d,pinned,new_each_time,torch.Tensor.copy_,cuda_event_end_synchronize,0,0.708281,0.692192,11.030226,11.286608,ok
8,h2d,pinned,new_each_time,torch.Tensor.copy_,cuda_event_end_synchronize,1,0.704494,0.689664,11.089515,11.327980,ok
8,h2d,pinned,new_each_time,torch.Tensor.copy_,cuda_event_end_synchronize,2,0.702905,0.688672,11.114596,11.344297,ok
8,h2d,pinned,new_each_time,torch.Tensor.copy_,cuda_event_end_synchronize,3,0.703195,0.688832,11.110003,11.341663,ok
8,h2d,pinned,new_each_time,torch.Tensor.copy_,cuda_event_end_synchronize,4,0.703334,0.689344,11.107811,11.333239,ok
8,h2d,pinned,new_each_time,torch.Tensor.copy_,cuda_event_end_synchronize,5,0.702485,0.687968,11.121242,11.355906,ok
8,h2d,pinned,new_each_time,torch.Tensor.copy_,cuda_event_end_synchronize,6,0.702232,0.688192,11.125239,11.352210,ok
8,h2d,pinned,new_each_time,torch.Tensor.copy_,cuda_event_end_synchronize,7,0.701793,0.687584,11.132207,11.362248,ok
8,h2d,pinned,new_each_time,torch.Tensor.copy_,cuda_event_end_synchronize,8,0.701589,0.687648,11.135444,11.361191,ok
8,h2d,pinned,new_each_time,torch.Tensor.copy_,cuda_event_end_synchronize,9,0.701041,0.687200,11.144142,11.368597,ok
8,h2d,pinned,new_each_time,torch.Tensor.copy_,cuda_event_end_synchronize,10,0.703088,0.687680,11.111696,11.360662,ok
8,h2d,pinned,new_each_time,torch.Tensor.copy_,cuda_event_end_synchronize,11,0.714283,0.699072,10.937549,11.175530,ok
8,h2d,pinned,new_each_time,torch.Tensor.copy_,cuda_event_end_synchronize,12,0.701605,0.687616,11.135177,11.361719,ok
8,h2d,pinned,new_each_time,torch.Tensor.copy_,cuda_event_end_synchronize,13,0.700220,0.686816,11.157215,11.374954,ok
8,h2d,pinned,new_each_time,torch.Tensor.copy_,cuda_event_end_synchronize,14,0.700500,0.687360,11.152750,11.365951,ok
8,h2d,pinned,new_each_time,torch.Tensor.copy_,cuda_event_end_synchronize,15,0.699954,0.686912,11.161446,11.373364,ok
8,h2d,pinned,new_each_time,torch.Tensor.copy_,cuda_event_end_synchronize,16,0.700598,0.687392,11.151194,11.365422,ok
8,h2d,pinned,new_each_time,torch.Tensor.copy_,cuda_event_end_synchronize,17,0.701012,0.687776,11.144601,11.359076,ok
8,h2d,pinned,new_each_time,torch.Tensor.copy_,cuda_event_end_synchronize,18,0.700170,0.686688,11.158002,11.377074,ok
8,h2d,pinned,new_each_time,torch.Tensor.copy_,cuda_event_end_synchronize,19,0.700388,0.686560,11.154530,11.379195,ok
8,d2h,pinned,reused,torch.Tensor.copy_,cuda_event_end_synchronize,0,0.658499,0.645216,11.864102,12.108348,ok
8,d2h,pinned,reused,torch.Tensor.copy_,cuda_event_end_synchronize,1,0.657016,0.644128,11.890875,12.128800,ok
8,d2h,pinned,reused,torch.Tensor.copy_,cuda_event_end_synchronize,2,0.657227,0.644032,11.887067,12.130608,ok
8,d2h,pinned,reused,torch.Tensor.copy_,cuda_event_end_synchronize,3,0.656832,0.643744,11.894213,12.136036,ok
8,d2h,pinned,reused,torch.Tensor.copy_,cuda_event_end_synchronize,4,0.656255,0.643392,11.904679,12.142675,ok
8,d2h,pinned,reused,torch.Tensor.copy_,cuda_event_end_synchronize,5,0.664162,0.651584,11.762935,11.990011,ok
8,d2h,pinned,reused,torch.Tensor.copy_,cuda_event_end_synchronize,6,0.656690,0.643776,11.896777,12.135432,ok
8,d2h,pinned,reused,torch.Tensor.copy_,cuda_event_end_synchronize,7,0.658561,0.645824,11.862994,12.096949,ok
8,d2h,pinned,reused,torch.Tensor.copy_,cuda_event_end_synchronize,8,0.657010,0.644192,11.890993,12.127596,ok
8,d2h,pinned,reused,torch.Tensor.copy_,cuda_event_end_synchronize,9,0.658551,0.645376,11.863162,12.105346,ok
8,d2h,pinned,reused,torch.Tensor.copy_,cuda_event_end_synchronize,10,0.658958,0.645152,11.855835,12.109550,ok
8,d2h,pinned,reused,torch.Tensor.copy_,cuda_event_end_synchronize,11,0.657031,0.643648,11.890605,12.137845,ok
8,d2h,pinned,reused,torch.Tensor.copy_,cuda_event_end_synchronize,12,0.655940,0.643168,11.910392,12.146905,ok
8,d2h,pinned,reused,torch.Tensor.copy_,cuda_event_end_synchronize,13,0.656365,0.643744,11.902669,12.136036,ok
8,d2h,pinned,reused,torch.Tensor.copy_,cuda_event_end_synchronize,14,0.660962,0.647552,11.819885,12.064668,ok
8,d2h,pinned,reused,torch.Tensor.copy_,cuda_event_end_synchronize,15,0.656556,0.643424,11.899207,12.142072,ok
8,d2h,pinned,reused,torch.Tensor.copy_,cuda_event_end_synchronize,16,0.655899,0.643616,11.911136,12.138449,ok
8,d2h,pinned,reused,torch.Tensor.copy_,cuda_event_end_synchronize,17,0.656893,0.643520,11.893100,12.140260,ok
8,d2h,pinned,reused,torch.Tensor.copy_,cuda_event_end_synchronize,18,0.656436,0.643392,11.901385,12.142675,ok
8,d2h,pinned,reused,torch.Tensor.copy_,cuda_event_end_synchronize,19,0.655611,0.643424,11.916364,12.142072,ok
8,h2d,pinned,reused,torch.Tensor.copy_,cuda_event_end_synchronize,0,0.703017,0.689408,11.112814,11.332186,ok
8,h2d,pinned,reused,torch.Tensor.copy_,cuda_event_end_synchronize,1,0.700065,0.686816,11.159679,11.374954,ok
8,h2d,pinned,reused,torch.Tensor.copy_,cuda_event_end_synchronize,2,0.699366,0.686144,11.170825,11.386094,ok
8,h2d,pinned,reused,torch.Tensor.copy_,cuda_event_end_synchronize,3,0.698753,0.686016,11.180637,11.388218,ok
8,h2d,pinned,reused,torch.Tensor.copy_,cuda_event_end_synchronize,4,0.699065,0.686016,11.175647,11.388218,ok
8,h2d,pinned,reused,torch.Tensor.copy_,cuda_event_end_synchronize,5,0.699178,0.685952,11.173831,11.389281,ok
8,h2d,pinned,reused,torch.Tensor.copy_,cuda_event_end_synchronize,6,0.701020,0.687328,11.144468,11.366480,ok
8,h2d,pinned,reused,torch.Tensor.copy_,cuda_event_end_synchronize,7,0.699107,0.686112,11.174977,11.386625,ok
8,h2d,pinned,reused,torch.Tensor.copy_,cuda_event_end_synchronize,8,0.699215,0.686240,11.173250,11.384501,ok
8,h2d,pinned,reused,torch.Tensor.copy_,cuda_event_end_synchronize,9,0.698837,0.686336,11.179281,11.382909,ok
8,h2d,pinned,reused,torch.Tensor.copy_,cuda_event_end_synchronize,10,0.698479,0.685824,11.185019,11.391407,ok
8,h2d,pinned,reused,torch.Tensor.copy_,cuda_event_end_synchronize,11,0.699265,0.686304,11.172446,11.383440,ok
8,h2d,pinned,reused,torch.Tensor.copy_,cuda_event_end_synchronize,12,0.699949,0.687072,11.161535,11.370715,ok
8,h2d,pinned,reused,torch.Tensor.copy_,cuda_event_end_synchronize,13,0.698873,0.685888,11.178715,11.390344,ok
8,h2d,pinned,reused,torch.Tensor.copy_,cuda_event_end_synchronize,14,0.698552,0.686080,11.183856,11.387156,ok
8,h2d,pinned,reused,torch.Tensor.copy_,cuda_event_end_synchronize,15,0.702131,0.686624,11.126847,11.378134,ok
8,h2d,pinned,reused,torch.Tensor.copy_,cuda_event_end_synchronize,16,0.699887,0.687040,11.162515,11.371245,ok
8,h2d,pinned,reused,torch.Tensor.copy_,cuda_event_end_synchronize,17,0.700800,0.687488,11.147978,11.363834,ok
8,h2d,pinned,reused,torch.Tensor.copy_,cuda_event_end_synchronize,18,0.698593,0.685984,11.183200,11.388749,ok
8,h2d,pinned,reused,torch.Tensor.copy_,cuda_event_end_synchronize,19,0.698254,0.685472,11.188615,11.397256,ok
16,d2h,pageable,new_each_time,torch.Tensor.copy_,cuda_event_end_synchronize,0,2.570540,2.554496,6.078490,6.116666,ok
16,d2h,pageable,new_each_time,torch.Tensor.copy_,cuda_event_end_synchronize,1,3.564871,3.549920,4.383048,4.401508,ok
16,d2h,pageable,new_each_time,torch.Tensor.copy_,cuda_event_end_synchronize,2,3.521109,3.506784,4.437522,4.455649,ok
16,d2h,pageable,new_each_time,torch.Tensor.copy_,cuda_event_end_synchronize,3,3.516024,3.502080,4.443940,4.461634,ok
16,d2h,pageable,new_each_time,torch.Tensor.copy_,cuda_event_end_synchronize,4,3.518498,3.504896,4.440816,4.458050,ok
16,d2h,pageable,new_each_time,torch.Tensor.copy_,cuda_event_end_synchronize,5,3.527713,3.514144,4.429215,4.446318,ok
16,d2h,pageable,new_each_time,torch.Tensor.copy_,cuda_event_end_synchronize,6,3.518458,3.504416,4.440865,4.458660,ok
16,d2h,pageable,new_each_time,torch.Tensor.copy_,cuda_event_end_synchronize,7,3.554899,3.541248,4.395343,4.412286,ok
16,d2h,pageable,new_each_time,torch.Tensor.copy_,cuda_event_end_synchronize,8,3.526036,3.512064,4.431322,4.448951,ok
16,d2h,pageable,new_each_time,torch.Tensor.copy_,cuda_event_end_synchronize,9,3.512405,3.498464,4.448519,4.466246,ok
16,d2h,pageable,new_each_time,torch.Tensor.copy_,cuda_event_end_synchronize,10,3.556162,3.541568,4.393782,4.411888,ok
16,d2h,pageable,new_each_time,torch.Tensor.copy_,cuda_event_end_synchronize,11,3.517495,3.503904,4.442081,4.459312,ok
16,d2h,pageable,new_each_time,torch.Tensor.copy_,cuda_event_end_synchronize,12,3.507752,3.493632,4.454420,4.472423,ok
16,d2h,pageable,new_each_time,torch.Tensor.copy_,cuda_event_end_synchronize,13,3.517326,3.502720,4.442295,4.460819,ok
16,d2h,pageable,new_each_time,torch.Tensor.copy_,cuda_event_end_synchronize,14,3.519797,3.505632,4.439177,4.457114,ok
16,d2h,pageable,new_each_time,torch.Tensor.copy_,cuda_event_end_synchronize,15,3.524932,3.510784,4.432710,4.450573,ok
16,d2h,pageable,new_each_time,torch.Tensor.copy_,cuda_event_end_synchronize,16,3.516774,3.502496,4.442993,4.461104,ok
16,d2h,pageable,new_each_time,torch.Tensor.copy_,cuda_event_end_synchronize,17,3.534376,3.519648,4.420866,4.439364,ok
16,d2h,pageable,new_each_time,torch.Tensor.copy_,cuda_event_end_synchronize,18,3.520051,3.505536,4.438856,4.457236,ok
16,d2h,pageable,new_each_time,torch.Tensor.copy_,cuda_event_end_synchronize,19,3.572580,3.558304,4.373589,4.391137,ok
16,h2d,pageable,new_each_time,torch.Tensor.copy_,cuda_event_end_synchronize,0,2.374471,2.360576,6.580413,6.619147,ok
16,h2d,pageable,new_each_time,torch.Tensor.copy_,cuda_event_end_synchronize,1,2.405223,2.391040,6.496280,6.534813,ok
16,h2d,pageable,new_each_time,torch.Tensor.copy_,cuda_event_end_synchronize,2,2.094868,2.081216,7.458705,7.507630,ok
16,h2d,pageable,new_each_time,torch.Tensor.copy_,cuda_event_end_synchronize,3,2.501037,2.487456,6.247409,6.281518,ok
16,h2d,pageable,new_each_time,torch.Tensor.copy_,cuda_event_end_synchronize,4,2.003770,1.989536,7.797800,7.853590,ok
16,h2d,pageable,new_each_time,torch.Tensor.copy_,cuda_event_end_synchronize,5,2.247452,2.233824,6.952318,6.994732,ok
16,h2d,pageable,new_each_time,torch.Tensor.copy_,cuda_event_end_synchronize,6,1.926471,1.912224,8.110683,8.171114,ok
16,h2d,pageable,new_each_time,torch.Tensor.copy_,cuda_event_end_synchronize,7,2.233339,2.219648,6.996252,7.039405,ok
16,h2d,pageable,new_each_time,torch.Tensor.copy_,cuda_event_end_synchronize,8,1.910260,1.896480,8.179515,8.238948,ok
16,h2d,pageable,new_each_time,torch.Tensor.copy_,cuda_event_end_synchronize,9,2.105723,2.091808,7.420254,7.469615,ok
16,h2d,pageable,new_each_time,torch.Tensor.copy_,cuda_event_end_synchronize,10,1.906962,1.892768,8.193660,8.255106,ok
16,h2d,pageable,new_each_time,torch.Tensor.copy_,cuda_event_end_synchronize,11,2.136083,2.122496,7.314790,7.361616,ok
16,h2d,pageable,new_each_time,torch.Tensor.copy_,cuda_event_end_synchronize,12,1.915541,1.901440,8.156966,8.217456,ok
16,h2d,pageable,new_each_time,torch.Tensor.copy_,cuda_event_end_synchronize,13,2.083812,2.069952,7.498278,7.548484,ok
16,h2d,pageable,new_each_time,torch.Tensor.copy_,cuda_event_end_synchronize,14,1.870878,1.856736,8.351694,8.415305,ok
16,h2d,pageable,new_each_time,torch.Tensor.copy_,cuda_event_end_synchronize,15,2.123869,2.109920,7.356857,7.405494,ok
16,h2d,pageable,new_each_time,torch.Tensor.copy_,cuda_event_end_synchronize,16,1.927658,1.913856,8.105691,8.164146,ok
16,h2d,pageable,new_each_time,torch.Tensor.copy_,cuda_event_end_synchronize,17,2.075973,2.062336,7.526591,7.576360,ok
16,h2d,pageable,new_each_time,torch.Tensor.copy_,cuda_event_end_synchronize,18,1.887170,1.872800,8.279595,8.343123,ok
16,h2d,pageable,new_each_time,torch.Tensor.copy_,cuda_event_end_synchronize,19,2.059303,2.043424,7.587518,7.646480,ok
16,d2h,pinned,new_each_time,torch.Tensor.copy_,cuda_event_end_synchronize,0,1.304123,1.289184,11.981235,12.120070,ok
16,d2h,pinned,new_each_time,torch.Tensor.copy_,cuda_event_end_synchronize,1,1.296756,1.283200,12.049300,12.176590,ok
16,d2h,pinned,new_each_time,torch.Tensor.copy_,cuda_event_end_synchronize,2,1.301224,1.287392,12.007922,12.136940,ok
16,d2h,pinned,new_each_time,torch.Tensor.copy_,cuda_event_end_synchronize,3,1.294971,1.281312,12.065903,12.194532,ok
16,d2h,pinned,new_each_time,torch.Tensor.copy_,cuda_event_end_synchronize,4,1.296205,1.282272,12.054416,12.185402,ok
16,d2h,pinned,new_each_time,torch.Tensor.copy_,cuda_event_end_synchronize,5,1.294196,1.280992,12.073136,12.197578,ok
16,d2h,pinned,new_each_time,torch.Tensor.copy_,cuda_event_end_synchronize,6,1.294415,1.280064,12.071086,12.206421,ok
16,d2h,pinned,new_each_time,torch.Tensor.copy_,cuda_event_end_synchronize,7,1.295059,1.281600,12.065087,12.191792,ok
16,d2h,pinned,new_each_time,torch.Tensor.copy_,cuda_event_end_synchronize,8,1.294455,1.281568,12.070721,12.192095,ok
16,d2h,pinned,new_each_time,torch.Tensor.copy_,cuda_event_end_synchronize,9,1.294846,1.281024,12.067075,12.197274,ok
16,d2h,pinned,new_each_time,torch.Tensor.copy_,cuda_event_end_synchronize,10,1.295008,1.282240,12.065565,12.185706,ok
16,d2h,pinned,new_each_time,torch.Tensor.copy_,cuda_event_end_synchronize,11,1.293825,1.280736,12.076595,12.200017,ok
16,d2h,pinned,new_each_time,torch.Tensor.copy_,cuda_event_end_synchronize,12,1.294748,1.281248,12.067986,12.195141,ok
16,d2h,pinned,new_each_time,torch.Tensor.copy_,cuda_event_end_synchronize,13,1.297683,1.283584,12.040687,12.172947,ok
16,d2h,pinned,new_each_time,torch.Tensor.copy_,cuda_event_end_synchronize,14,1.296889,1.283712,12.048062,12.171733,ok
16,d2h,pinned,new_each_time,torch.Tensor.copy_,cuda_event_end_synchronize,15,1.293967,1.280672,12.075265,12.200626,ok
16,d2h,pinned,new_each_time,torch.Tensor.copy_,cuda_event_end_synchronize,16,1.294274,1.281312,12.072406,12.194532,ok
16,d2h,pinned,new_each_time,torch.Tensor.copy_,cuda_event_end_synchronize,17,1.293884,1.280064,12.076047,12.206421,ok
16,d2h,pinned,new_each_time,torch.Tensor.copy_,cuda_event_end_synchronize,18,1.294469,1.281504,12.070582,12.192704,ok
16,d2h,pinned,new_each_time,torch.Tensor.copy_,cuda_event_end_synchronize,19,1.293575,1.280896,12.078925,12.198493,ok
16,h2d,pinned,new_each_time,torch.Tensor.copy_,cuda_event_end_synchronize,0,1.382091,1.368800,11.305333,11.415108,ok
16,h2d,pinned,new_each_time,torch.Tensor.copy_,cuda_event_end_synchronize,1,1.380437,1.367072,11.318879,11.429537,ok
16,h2d,pinned,new_each_time,torch.Tensor.copy_,cuda_event_end_synchronize,2,1.382408,1.368320,11.302743,11.419113,ok
16,h2d,pinned,new_each_time,torch.Tensor.copy_,cuda_event_end_synchronize,3,1.380602,1.367552,11.317528,11.425525,ok
16,h2d,pinned,new_each_time,torch.Tensor.copy_,cuda_event_end_synchronize,4,1.380311,1.366912,11.319910,11.430875,ok
16,h2d,pinned,new_each_time,torch.Tensor.copy_,cuda_event_end_synchronize,5,1.379957,1.366176,11.322813,11.437033,ok
16,h2d,pinned,new_each_time,torch.Tensor.copy_,cuda_event_end_synchronize,6,1.379291,1.365376,11.328287,11.443734,ok
16,h2d,pinned,new_each_time,torch.Tensor.copy_,cuda_event_end_synchronize,7,1.379830,1.366848,11.323860,11.431410,ok
16,h2d,pinned,new_each_time,torch.Tensor.copy_,cuda_event_end_synchronize,8,1.380190,1.366656,11.320903,11.433017,ok
16,h2d,pinned,new_each_time,torch.Tensor.copy_,cuda_event_end_synchronize,9,1.379696,1.366912,11.324961,11.430875,ok
16,h2d,pinned,new_each_time,torch.Tensor.copy_,cuda_event_end_synchronize,10,1.380435,1.367488,11.318894,11.426060,ok
16,h2d,pinned,new_each_time,torch.Tensor.copy_,cuda_event_end_synchronize,11,1.380879,1.367168,11.315261,11.428735,ok
16,h2d,pinned,new_each_time,torch.Tensor.copy_,cuda_event_end_synchronize,12,1.380788,1.367296,11.316001,11.427665,ok
16,h2d,pinned,new_each_time,torch.Tensor.copy_,cuda_event_end_synchronize,13,1.380902,1.367424,11.315070,11.426595,ok
16,h2d,pinned,new_each_time,torch.Tensor.copy_,cuda_event_end_synchronize,14,1.380770,1.367520,11.316153,11.425793,ok
16,h2d,pinned,new_each_time,torch.Tensor.copy_,cuda_event_end_synchronize,15,1.379607,1.366400,11.325687,11.435158,ok
16,h2d,pinned,new_each_time,torch.Tensor.copy_,cuda_event_end_synchronize,16,1.379414,1.366176,11.327278,11.437033,ok
16,h2d,pinned,new_each_time,torch.Tensor.copy_,cuda_event_end_synchronize,17,1.380544,1.367296,11.318001,11.427665,ok
16,h2d,pinned,new_each_time,torch.Tensor.copy_,cuda_event_end_synchronize,18,1.381888,1.367200,11.306994,11.428467,ok
16,h2d,pinned,new_each_time,torch.Tensor.copy_,cuda_event_end_synchronize,19,1.381787,1.368128,11.307825,11.420716,ok
16,d2h,pinned,reused,torch.Tensor.copy_,cuda_event_end_synchronize,0,1.295503,1.282528,12.060950,12.182969,ok
16,d2h,pinned,reused,torch.Tensor.copy_,cuda_event_end_synchronize,1,1.294215,1.280704,12.072953,12.200321,ok
16,d2h,pinned,reused,torch.Tensor.copy_,cuda_event_end_synchronize,2,1.294625,1.281472,12.069132,12.193010,ok
16,d2h,pinned,reused,torch.Tensor.copy_,cuda_event_end_synchronize,3,1.293133,1.280768,12.083057,12.199711,ok
16,d2h,pinned,reused,torch.Tensor.copy_,cuda_event_end_synchronize,4,1.303892,1.280288,11.983358,12.204285,ok
16,d2h,pinned,reused,torch.Tensor.copy_,cuda_event_end_synchronize,5,1.294017,1.280992,12.074804,12.197578,ok
16,d2h,pinned,reused,torch.Tensor.copy_,cuda_event_end_synchronize,6,1.292775,1.280032,12.086400,12.206726,ok
16,d2h,pinned,reused,torch.Tensor.copy_,cuda_event_end_synchronize,7,1.292556,1.279936,12.088455,12.207642,ok
16,d2h,pinned,reused,torch.Tensor.copy_,cuda_event_end_synchronize,8,1.293863,1.280864,12.076238,12.198797,ok
16,d2h,pinned,reused,torch.Tensor.copy_,cuda_event_end_synchronize,9,1.293045,1.280320,12.083884,12.203980,ok
16,d2h,pinned,reused,torch.Tensor.copy_,cuda_event_end_synchronize,10,1.293840,1.280320,12.076456,12.203980,ok
16,d2h,pinned,reused,torch.Tensor.copy_,cuda_event_end_synchronize,11,1.293466,1.280704,12.079942,12.200321,ok
16,d2h,pinned,reused,torch.Tensor.copy_,cuda_event_end_synchronize,12,1.293156,1.280800,12.082840,12.199407,ok
16,d2h,pinned,reused,torch.Tensor.copy_,cuda_event_end_synchronize,13,1.292436,1.280224,12.089570,12.204896,ok
16,d2h,pinned,reused,torch.Tensor.copy_,cuda_event_end_synchronize,14,1.293945,1.279968,12.075473,12.207336,ok
16,d2h,pinned,reused,torch.Tensor.copy_,cuda_event_end_synchronize,15,1.294167,1.280384,12.073405,12.203371,ok
16,d2h,pinned,reused,torch.Tensor.copy_,cuda_event_end_synchronize,16,1.293608,1.281376,12.078621,12.193923,ok
16,d2h,pinned,reused,torch.Tensor.copy_,cuda_event_end_synchronize,17,1.293546,1.279872,12.079203,12.208253,ok
16,d2h,pinned,reused,torch.Tensor.copy_,cuda_event_end_synchronize,18,1.294431,1.280832,12.070938,12.199101,ok
16,d2h,pinned,reused,torch.Tensor.copy_,cuda_event_end_synchronize,19,1.292167,1.279936,12.092088,12.207642,ok
16,h2d,pinned,reused,torch.Tensor.copy_,cuda_event_end_synchronize,0,1.381557,1.368800,11.309708,11.415108,ok
16,h2d,pinned,reused,torch.Tensor.copy_,cuda_event_end_synchronize,1,1.379258,1.366528,11.328555,11.434087,ok
16,h2d,pinned,reused,torch.Tensor.copy_,cuda_event_end_synchronize,2,1.378786,1.366112,11.332435,11.437569,ok
16,h2d,pinned,reused,torch.Tensor.copy_,cuda_event_end_synchronize,3,1.378801,1.366016,11.332312,11.438372,ok
16,h2d,pinned,reused,torch.Tensor.copy_,cuda_event_end_synchronize,4,1.380694,1.367392,11.316772,11.426863,ok
16,h2d,pinned,reused,torch.Tensor.copy_,cuda_event_end_synchronize,5,1.379471,1.366624,11.326803,11.433284,ok
16,h2d,pinned,reused,torch.Tensor.copy_,cuda_event_end_synchronize,6,1.378667,1.365504,11.333414,11.442661,ok
16,h2d,pinned,reused,torch.Tensor.copy_,cuda_event_end_synchronize,7,1.378496,1.366176,11.334816,11.437033,ok
16,h2d,pinned,reused,torch.Tensor.copy_,cuda_event_end_synchronize,8,1.379238,1.366304,11.328723,11.435961,ok
16,h2d,pinned,reused,torch.Tensor.copy_,cuda_event_end_synchronize,9,1.378807,1.366336,11.332258,11.435694,ok
16,h2d,pinned,reused,torch.Tensor.copy_,cuda_event_end_synchronize,10,1.378468,1.365312,11.335045,11.444271,ok
16,h2d,pinned,reused,torch.Tensor.copy_,cuda_event_end_synchronize,11,1.377813,1.365408,11.340439,11.443466,ok
16,h2d,pinned,reused,torch.Tensor.copy_,cuda_event_end_synchronize,12,1.379780,1.366784,11.324273,11.431946,ok
16,h2d,pinned,reused,torch.Tensor.copy_,cuda_event_end_synchronize,13,1.378492,1.366048,11.334854,11.438105,ok
16,h2d,pinned,reused,torch.Tensor.copy_,cuda_event_end_synchronize,14,1.378609,1.365984,11.333889,11.438641,ok
16,h2d,pinned,reused,torch.Tensor.copy_,cuda_event_end_synchronize,15,1.379681,1.366944,11.325083,11.430608,ok
16,h2d,pinned,reused,torch.Tensor.copy_,cuda_event_end_synchronize,16,1.380355,1.367808,11.319551,11.423387,ok
16,h2d,pinned,reused,torch.Tensor.copy_,cuda_event_end_synchronize,17,1.380973,1.367456,11.314490,11.426328,ok
16,h2d,pinned,reused,torch.Tensor.copy_,cuda_event_end_synchronize,18,1.383078,1.370880,11.297264,11.397788,ok
16,h2d,pinned,reused,torch.Tensor.copy_,cuda_event_end_synchronize,19,1.381717,1.369408,11.308396,11.410040,ok
24,d2h,pageable,new_each_time,torch.Tensor.copy_,cuda_event_end_synchronize,0,3.769525,3.749888,6.217626,6.250187,ok
24,d2h,pageable,new_each_time,torch.Tensor.copy_,cuda_event_end_synchronize,1,5.260803,5.236384,4.455119,4.475894,ok
24,d2h,pageable,new_each_time,torch.Tensor.copy_,cuda_event_end_synchronize,2,5.227908,5.213920,4.483150,4.495178,ok
24,d2h,pageable,new_each_time,torch.Tensor.copy_,cuda_event_end_synchronize,3,10.859209,10.845056,2.158306,2.161123,ok
24,d2h,pageable,new_each_time,torch.Tensor.copy_,cuda_event_end_synchronize,4,15.520326,15.505088,1.510116,1.511601,ok
24,d2h,pageable,new_each_time,torch.Tensor.copy_,cuda_event_end_synchronize,5,14.500025,14.482656,1.616377,1.618315,ok
24,d2h,pageable,new_each_time,torch.Tensor.copy_,cuda_event_end_synchronize,6,12.452033,12.434880,1.882223,1.884819,ok
24,d2h,pageable,new_each_time,torch.Tensor.copy_,cuda_event_end_synchronize,7,15.088418,15.073280,1.553344,1.554904,ok
24,d2h,pageable,new_each_time,torch.Tensor.copy_,cuda_event_end_synchronize,8,15.515176,15.500608,1.510618,1.512037,ok
24,d2h,pageable,new_each_time,torch.Tensor.copy_,cuda_event_end_synchronize,9,5.261223,5.244352,4.454763,4.469094,ok
24,d2h,pageable,new_each_time,torch.Tensor.copy_,cuda_event_end_synchronize,10,5.262548,5.248512,4.453641,4.465552,ok
24,d2h,pageable,new_each_time,torch.Tensor.copy_,cuda_event_end_synchronize,11,5.225694,5.211296,4.485050,4.497442,ok
24,d2h,pageable,new_each_time,torch.Tensor.copy_,cuda_event_end_synchronize,12,5.216490,5.201440,4.492963,4.505964,ok
24,d2h,pageable,new_each_time,torch.Tensor.copy_,cuda_event_end_synchronize,13,5.242050,5.227776,4.471056,4.483264,ok
24,d2h,pageable,new_each_time,torch.Tensor.copy_,cuda_event_end_synchronize,14,5.224566,5.211104,4.486019,4.497607,ok
24,d2h,pageable,new_each_time,torch.Tensor.copy_,cuda_event_end_synchronize,15,5.236947,5.222912,4.475413,4.487439,ok
24,d2h,pageable,new_each_time,torch.Tensor.copy_,cuda_event_end_synchronize,16,5.257983,5.244128,4.457508,4.469284,ok
24,d2h,pageable,new_each_time,torch.Tensor.copy_,cuda_event_end_synchronize,17,5.230355,5.216576,4.481053,4.492890,ok
24,d2h,pageable,new_each_time,torch.Tensor.copy_,cuda_event_end_synchronize,18,5.232223,5.218464,4.479453,4.491264,ok
24,d2h,pageable,new_each_time,torch.Tensor.copy_,cuda_event_end_synchronize,19,5.254590,5.240480,4.460386,4.472396,ok
24,h2d,pageable,new_each_time,torch.Tensor.copy_,cuda_event_end_synchronize,0,3.565321,3.551840,6.573742,6.598692,ok
24,h2d,pageable,new_each_time,torch.Tensor.copy_,cuda_event_end_synchronize,1,3.414844,3.400896,6.863417,6.891566,ok
24,h2d,pageable,new_each_time,torch.Tensor.copy_,cuda_event_end_synchronize,2,3.552435,3.538208,6.597587,6.624116,ok
24,h2d,pageable,new_each_time,torch.Tensor.copy_,cuda_event_end_synchronize,3,3.466847,3.453184,6.760465,6.787215,ok
24,h2d,pageable,new_each_time,torch.Tensor.copy_,cuda_event_end_synchronize,4,3.417442,3.403712,6.858201,6.885865,ok
24,h2d,pageable,new_each_time,torch.Tensor.copy_,cuda_event_end_synchronize,5,3.454284,3.440448,6.785053,6.812339,ok
24,h2d,pageable,new_each_time,torch.Tensor.copy_,cuda_event_end_synchronize,6,3.421292,3.407392,6.850483,6.878428,ok
24,h2d,pageable,new_each_time,torch.Tensor.copy_,cuda_event_end_synchronize,7,3.439450,3.425728,6.814317,6.841611,ok
24,h2d,pageable,new_each_time,torch.Tensor.copy_,cuda_event_end_synchronize,8,3.410800,3.397248,6.871554,6.898966,ok
24,h2d,pageable,new_each_time,torch.Tensor.copy_,cuda_event_end_synchronize,9,3.417003,3.403360,6.859081,6.886577,ok
24,h2d,pageable,new_each_time,torch.Tensor.copy_,cuda_event_end_synchronize,10,3.421566,3.407904,6.849935,6.877395,ok
24,h2d,pageable,new_each_time,torch.Tensor.copy_,cuda_event_end_synchronize,11,3.489268,3.476000,6.717025,6.742664,ok
24,h2d,pageable,new_each_time,torch.Tensor.copy_,cuda_event_end_synchronize,12,3.369806,3.356000,6.955147,6.983761,ok
24,h2d,pageable,new_each_time,torch.Tensor.copy_,cuda_event_end_synchronize,13,3.455632,3.442432,6.782406,6.808413,ok
24,h2d,pageable,new_each_time,torch.Tensor.copy_,cuda_event_end_synchronize,14,3.476154,3.462208,6.742365,6.769524,ok
24,h2d,pageable,new_each_time,torch.Tensor.copy_,cuda_event_end_synchronize,15,3.457688,3.444640,6.778374,6.804049,ok
24,h2d,pageable,new_each_time,torch.Tensor.copy_,cuda_event_end_synchronize,16,3.392467,3.378880,6.908689,6.936470,ok
24,h2d,pageable,new_each_time,torch.Tensor.copy_,cuda_event_end_synchronize,17,3.472092,3.459008,6.750254,6.775787,ok
24,h2d,pageable,new_each_time,torch.Tensor.copy_,cuda_event_end_synchronize,18,3.434666,3.420896,6.823807,6.851275,ok
24,h2d,pageable,new_each_time,torch.Tensor.copy_,cuda_event_end_synchronize,19,3.361965,3.348704,6.971370,6.998976,ok
24,d2h,pinned,new_each_time,torch.Tensor.copy_,cuda_event_end_synchronize,0,1.938562,1.924768,12.090148,12.176792,ok
24,d2h,pinned,new_each_time,torch.Tensor.copy_,cuda_event_end_synchronize,1,1.932716,1.919840,12.126717,12.208049,ok
24,d2h,pinned,new_each_time,torch.Tensor.copy_,cuda_event_end_synchronize,2,1.931989,1.918208,12.131283,12.218435,ok
24,d2h,pinned,new_each_time,torch.Tensor.copy_,cuda_event_end_synchronize,3,1.932012,1.918464,12.131136,12.216805,ok
24,d2h,pinned,new_each_time,torch.Tensor.copy_,cuda_event_end_synchronize,4,1.930593,1.917600,12.140055,12.222309,ok
24,d2h,pinned,new_each_time,torch.Tensor.copy_,cuda_event_end_synchronize,5,1.932696,1.919360,12.126846,12.211101,ok
24,d2h,pinned,new_each_time,torch.Tensor.copy_,cuda_event_end_synchronize,6,1.932881,1.919072,12.125683,12.212934,ok
24,d2h,pinned,new_each_time,torch.Tensor.copy_,cuda_event_end_synchronize,7,1.934260,1.921440,12.117036,12.197883,ok
24,d2h,pinned,new_each_time,torch.Tensor.copy_,cuda_event_end_synchronize,8,1.934098,1.920896,12.118051,12.201337,ok
24,d2h,pinned,new_each_time,torch.Tensor.copy_,cuda_event_end_synchronize,9,1.936706,1.923072,12.101735,12.187531,ok
24,d2h,pinned,new_each_time,torch.Tensor.copy_,cuda_event_end_synchronize,10,1.935608,1.922016,12.108600,12.194227,ok
24,d2h,pinned,new_each_time,torch.Tensor.copy_,cuda_event_end_synchronize,11,1.936264,1.923104,12.104494,12.187328,ok
24,d2h,pinned,new_each_time,torch.Tensor.copy_,cuda_event_end_synchronize,12,1.935969,1.922624,12.106340,12.190371,ok
24,d2h,pinned,new_each_time,torch.Tensor.copy_,cuda_event_end_synchronize,13,1.932236,1.919232,12.129727,12.211916,ok
24,d2h,pinned,new_each_time,torch.Tensor.copy_,cuda_event_end_synchronize,14,1.930228,1.917600,12.142345,12.222309,ok
24,d2h,pinned,new_each_time,torch.Tensor.copy_,cuda_event_end_synchronize,15,1.930331,1.917632,12.141701,12.222105,ok
24,d2h,pinned,new_each_time,torch.Tensor.copy_,cuda_event_end_synchronize,16,1.932004,1.919168,12.131183,12.212323,ok
24,d2h,pinned,new_each_time,torch.Tensor.copy_,cuda_event_end_synchronize,17,1.930960,1.917280,12.137742,12.224349,ok
24,d2h,pinned,new_each_time,torch.Tensor.copy_,cuda_event_end_synchronize,18,1.930452,1.917760,12.140939,12.221289,ok
24,d2h,pinned,new_each_time,torch.Tensor.copy_,cuda_event_end_synchronize,19,1.930484,1.917664,12.140740,12.221901,ok
24,h2d,pinned,new_each_time,torch.Tensor.copy_,cuda_event_end_synchronize,0,2.061532,2.048544,11.368973,11.441053,ok
24,h2d,pinned,new_each_time,torch.Tensor.copy_,cuda_event_end_synchronize,1,2.059246,2.046592,11.381591,11.451965,ok
24,h2d,pinned,new_each_time,torch.Tensor.copy_,cuda_event_end_synchronize,2,2.060094,2.046432,11.376909,11.452860,ok
24,h2d,pinned,new_each_time,torch.Tensor.copy_,cuda_event_end_synchronize,3,2.057848,2.045088,11.389322,11.460387,ok
24,h2d,pinned,new_each_time,torch.Tensor.copy_,cuda_event_end_synchronize,4,2.057977,2.045024,11.388611,11.460746,ok
24,h2d,pinned,new_each_time,torch.Tensor.copy_,cuda_event_end_synchronize,5,2.059347,2.045984,11.381035,11.455368,ok
24,h2d,pinned,new_each_time,torch.Tensor.copy_,cuda_event_end_synchronize,6,2.058574,2.045280,11.385308,11.459311,ok
24,h2d,pinned,new_each_time,torch.Tensor.copy_,cuda_event_end_synchronize,7,2.059081,2.045792,11.382507,11.456443,ok
24,h2d,pinned,new_each_time,torch.Tensor.copy_,cuda_event_end_synchronize,8,2.058329,2.045280,11.386663,11.459311,ok
24,h2d,pinned,new_each_time,torch.Tensor.copy_,cuda_event_end_synchronize,9,2.060105,2.046400,11.376847,11.453039,ok
24,h2d,pinned,new_each_time,torch.Tensor.copy_,cuda_event_end_synchronize,10,2.057971,2.044416,11.388642,11.464154,ok
24,h2d,pinned,new_each_time,torch.Tensor.copy_,cuda_event_end_synchronize,11,2.059644,2.046432,11.379393,11.452860,ok
24,h2d,pinned,new_each_time,torch.Tensor.copy_,cuda_event_end_synchronize,12,2.060737,2.046400,11.373356,11.453039,ok
24,h2d,pinned,new_each_time,torch.Tensor.copy_,cuda_event_end_synchronize,13,2.059122,2.045984,11.382281,11.455368,ok
24,h2d,pinned,new_each_time,torch.Tensor.copy_,cuda_event_end_synchronize,14,2.059233,2.046176,11.381663,11.454294,ok
24,h2d,pinned,new_each_time,torch.Tensor.copy_,cuda_event_end_synchronize,15,2.058593,2.045472,11.385205,11.458236,ok
24,h2d,pinned,new_each_time,torch.Tensor.copy_,cuda_event_end_synchronize,16,2.058707,2.045536,11.384572,11.457877,ok
24,h2d,pinned,new_each_time,torch.Tensor.copy_,cuda_event_end_synchronize,17,2.058354,2.045472,11.386524,11.458236,ok
24,h2d,pinned,new_each_time,torch.Tensor.copy_,cuda_event_end_synchronize,18,2.057352,2.044544,11.392070,11.463436,ok
24,h2d,pinned,new_each_time,torch.Tensor.copy_,cuda_event_end_synchronize,19,2.059898,2.046272,11.377989,11.453756,ok
24,d2h,pinned,reused,torch.Tensor.copy_,cuda_event_end_synchronize,0,1.931823,1.918624,12.132324,12.215786,ok
24,d2h,pinned,reused,torch.Tensor.copy_,cuda_event_end_synchronize,1,1.931297,1.918688,12.135629,12.215378,ok
24,d2h,pinned,reused,torch.Tensor.copy_,cuda_event_end_synchronize,2,1.930364,1.917280,12.141490,12.224349,ok
24,d2h,pinned,reused,torch.Tensor.copy_,cuda_event_end_synchronize,3,1.930432,1.917600,12.141062,12.222309,ok
24,d2h,pinned,reused,torch.Tensor.copy_,cuda_event_end_synchronize,4,1.930390,1.917760,12.141332,12.221289,ok
24,d2h,pinned,reused,torch.Tensor.copy_,cuda_event_end_synchronize,5,1.929765,1.917408,12.145264,12.223533,ok
24,d2h,pinned,reused,torch.Tensor.copy_,cuda_event_end_synchronize,6,1.930077,1.917440,12.143300,12.223329,ok
24,d2h,pinned,reused,torch.Tensor.copy_,cuda_event_end_synchronize,7,1.929462,1.917408,12.147169,12.223533,ok
24,d2h,pinned,reused,torch.Tensor.copy_,cuda_event_end_synchronize,8,1.930363,1.917376,12.141496,12.223737,ok
24,d2h,pinned,reused,torch.Tensor.copy_,cuda_event_end_synchronize,9,1.929865,1.917344,12.144631,12.223941,ok
24,d2h,pinned,reused,torch.Tensor.copy_,cuda_event_end_synchronize,10,1.929845,1.917088,12.144759,12.225573,ok
24,d2h,pinned,reused,torch.Tensor.copy_,cuda_event_end_synchronize,11,1.929896,1.917280,12.144437,12.224349,ok
24,d2h,pinned,reused,torch.Tensor.copy_,cuda_event_end_synchronize,12,1.929788,1.917248,12.145117,12.224553,ok
24,d2h,pinned,reused,torch.Tensor.copy_,cuda_event_end_synchronize,13,1.929780,1.917568,12.145170,12.222513,ok
24,d2h,pinned,reused,torch.Tensor.copy_,cuda_event_end_synchronize,14,1.928712,1.916384,12.151891,12.230065,ok
24,d2h,pinned,reused,torch.Tensor.copy_,cuda_event_end_synchronize,15,1.929340,1.917120,12.147937,12.225369,ok
24,d2h,pinned,reused,torch.Tensor.copy_,cuda_event_end_synchronize,16,1.928976,1.916512,12.150230,12.229248,ok
24,d2h,pinned,reused,torch.Tensor.copy_,cuda_event_end_synchronize,17,1.930089,1.917664,12.143224,12.221901,ok
24,d2h,pinned,reused,torch.Tensor.copy_,cuda_event_end_synchronize,18,1.928889,1.916512,12.150776,12.229248,ok
24,d2h,pinned,reused,torch.Tensor.copy_,cuda_event_end_synchronize,19,1.930961,1.917344,12.137736,12.223941,ok
24,h2d,pinned,reused,torch.Tensor.copy_,cuda_event_end_synchronize,0,2.059125,2.046400,11.382260,11.453039,ok
24,h2d,pinned,reused,torch.Tensor.copy_,cuda_event_end_synchronize,1,2.057278,2.044832,11.392483,11.461822,ok
24,h2d,pinned,reused,torch.Tensor.copy_,cuda_event_end_synchronize,2,2.057074,2.044672,11.393613,11.462719,ok
24,h2d,pinned,reused,torch.Tensor.copy_,cuda_event_end_synchronize,3,2.058799,2.046048,11.384062,11.455010,ok
24,h2d,pinned,reused,torch.Tensor.copy_,cuda_event_end_synchronize,4,2.056635,2.043840,11.396043,11.467385,ok
24,h2d,pinned,reused,torch.Tensor.copy_,cuda_event_end_synchronize,5,2.057345,2.044800,11.392112,11.462001,ok
24,h2d,pinned,reused,torch.Tensor.copy_,cuda_event_end_synchronize,6,2.056678,2.044320,11.395805,11.464692,ok
24,h2d,pinned,reused,torch.Tensor.copy_,cuda_event_end_synchronize,7,2.058239,2.045248,11.387163,11.459490,ok
24,h2d,pinned,reused,torch.Tensor.copy_,cuda_event_end_synchronize,8,2.057096,2.044032,11.393489,11.466307,ok
24,h2d,pinned,reused,torch.Tensor.copy_,cuda_event_end_synchronize,9,2.058628,2.044864,11.385010,11.461643,ok
24,h2d,pinned,reused,torch.Tensor.copy_,cuda_event_end_synchronize,10,2.057540,2.043840,11.391029,11.467385,ok
24,h2d,pinned,reused,torch.Tensor.copy_,cuda_event_end_synchronize,11,2.056854,2.044544,11.394830,11.463436,ok
24,h2d,pinned,reused,torch.Tensor.copy_,cuda_event_end_synchronize,12,2.056169,2.043744,11.398624,11.467923,ok
24,h2d,pinned,reused,torch.Tensor.copy_,cuda_event_end_synchronize,13,2.056282,2.043680,11.397999,11.468283,ok
24,h2d,pinned,reused,torch.Tensor.copy_,cuda_event_end_synchronize,14,2.057291,2.044704,11.392411,11.462540,ok
24,h2d,pinned,reused,torch.Tensor.copy_,cuda_event_end_synchronize,15,2.057828,2.045536,11.389436,11.457877,ok
24,h2d,pinned,reused,torch.Tensor.copy_,cuda_event_end_synchronize,16,2.056209,2.043712,11.398402,11.468104,ok
24,h2d,pinned,reused,torch.Tensor.copy_,cuda_event_end_synchronize,17,2.056128,2.043936,11.398851,11.466846,ok
24,h2d,pinned,reused,torch.Tensor.copy_,cuda_event_end_synchronize,18,2.056704,2.044000,11.395661,11.466488,ok
24,h2d,pinned,reused,torch.Tensor.copy_,cuda_event_end_synchronize,19,2.057096,2.044224,11.393489,11.465231,ok
32,d2h,pageable,new_each_time,torch.Tensor.copy_,cuda_event_end_synchronize,0,9.775054,9.754304,3.196913,3.203714,ok
32,d2h,pageable,new_each_time,torch.Tensor.copy_,cuda_event_end_synchronize,1,19.884009,19.868193,1.571615,1.572866,ok
32,d2h,pageable,new_each_time,torch.Tensor.copy_,cuda_event_end_synchronize,2,19.380360,19.362976,1.612457,1.613905,ok
32,d2h,pageable,new_each_time,torch.Tensor.copy_,cuda_event_end_synchronize,3,19.446936,19.428928,1.606937,1.608426,ok
32,d2h,pageable,new_each_time,torch.Tensor.copy_,cuda_event_end_synchronize,4,19.301794,19.284288,1.619021,1.620490,ok
32,d2h,pageable,new_each_time,torch.Tensor.copy_,cuda_event_end_synchronize,5,19.394939,19.377665,1.611245,1.612681,ok
32,d2h,pageable,new_each_time,torch.Tensor.copy_,cuda_event_end_synchronize,6,19.301948,19.285025,1.619008,1.620428,ok
32,d2h,pageable,new_each_time,torch.Tensor.copy_,cuda_event_end_synchronize,7,19.303337,19.285631,1.618891,1.620377,ok
32,d2h,pageable,new_each_time,torch.Tensor.copy_,cuda_event_end_synchronize,8,19.229202,19.212223,1.625132,1.626569,ok
32,d2h,pageable,new_each_time,torch.Tensor.copy_,cuda_event_end_synchronize,9,19.306694,19.289440,1.618610,1.620057,ok
32,d2h,pageable,new_each_time,torch.Tensor.copy_,cuda_event_end_synchronize,10,19.273599,19.256800,1.621389,1.622803,ok
32,d2h,pageable,new_each_time,torch.Tensor.copy_,cuda_event_end_synchronize,11,19.208625,19.191904,1.626873,1.628291,ok
32,d2h,pageable,new_each_time,torch.Tensor.copy_,cuda_event_end_synchronize,12,19.331743,19.314753,1.616512,1.617934,ok
32,d2h,pageable,new_each_time,torch.Tensor.copy_,cuda_event_end_synchronize,13,19.240961,19.224031,1.624139,1.625570,ok
32,d2h,pageable,new_each_time,torch.Tensor.copy_,cuda_event_end_synchronize,14,19.345766,19.328608,1.615341,1.616775,ok
32,d2h,pageable,new_each_time,torch.Tensor.copy_,cuda_event_end_synchronize,15,19.258604,19.241632,1.622651,1.624083,ok
32,d2h,pageable,new_each_time,torch.Tensor.copy_,cuda_event_end_synchronize,16,19.255167,19.237921,1.622941,1.624396,ok
32,d2h,pageable,new_each_time,torch.Tensor.copy_,cuda_event_end_synchronize,17,19.294173,19.276863,1.619660,1.621114,ok
32,d2h,pageable,new_each_time,torch.Tensor.copy_,cuda_event_end_synchronize,18,19.293266,19.276705,1.619736,1.621128,ok
32,d2h,pageable,new_each_time,torch.Tensor.copy_,cuda_event_end_synchronize,19,19.368143,19.350977,1.613474,1.614906,ok
32,h2d,pageable,new_each_time,torch.Tensor.copy_,cuda_event_end_synchronize,0,9.097718,9.081344,3.434927,3.441121,ok
32,h2d,pageable,new_each_time,torch.Tensor.copy_,cuda_event_end_synchronize,1,9.235406,9.221440,3.383717,3.388842,ok
32,h2d,pageable,new_each_time,torch.Tensor.copy_,cuda_event_end_synchronize,2,9.118246,9.104832,3.427194,3.432244,ok
32,h2d,pageable,new_each_time,torch.Tensor.copy_,cuda_event_end_synchronize,3,9.062809,9.049280,3.448158,3.453313,ok
32,h2d,pageable,new_each_time,torch.Tensor.copy_,cuda_event_end_synchronize,4,9.052241,9.038912,3.452184,3.457275,ok
32,h2d,pageable,new_each_time,torch.Tensor.copy_,cuda_event_end_synchronize,5,9.094695,9.081600,3.436069,3.441024,ok
32,h2d,pageable,new_each_time,torch.Tensor.copy_,cuda_event_end_synchronize,6,9.046177,9.032928,3.454498,3.459565,ok
32,h2d,pageable,new_each_time,torch.Tensor.copy_,cuda_event_end_synchronize,7,9.040912,9.027936,3.456510,3.461478,ok
32,h2d,pageable,new_each_time,torch.Tensor.copy_,cuda_event_end_synchronize,8,9.086994,9.073728,3.438981,3.444009,ok
32,h2d,pageable,new_each_time,torch.Tensor.copy_,cuda_event_end_synchronize,9,9.015425,9.002464,3.466281,3.471272,ok
32,h2d,pageable,new_each_time,torch.Tensor.copy_,cuda_event_end_synchronize,10,9.017246,9.002720,3.465581,3.471173,ok
32,h2d,pageable,new_each_time,torch.Tensor.copy_,cuda_event_end_synchronize,11,9.111458,9.098656,3.429747,3.434573,ok
32,h2d,pageable,new_each_time,torch.Tensor.copy_,cuda_event_end_synchronize,12,9.087212,9.073600,3.438898,3.444058,ok
32,h2d,pageable,new_each_time,torch.Tensor.copy_,cuda_event_end_synchronize,13,9.048928,9.035200,3.453448,3.458695,ok
32,h2d,pageable,new_each_time,torch.Tensor.copy_,cuda_event_end_synchronize,14,9.046177,9.032896,3.454498,3.459577,ok
32,h2d,pageable,new_each_time,torch.Tensor.copy_,cuda_event_end_synchronize,15,9.073412,9.059872,3.444129,3.449276,ok
32,h2d,pageable,new_each_time,torch.Tensor.copy_,cuda_event_end_synchronize,16,9.124258,9.111264,3.424936,3.429820,ok
32,h2d,pageable,new_each_time,torch.Tensor.copy_,cuda_event_end_synchronize,17,9.165802,9.152960,3.409412,3.414196,ok
32,h2d,pageable,new_each_time,torch.Tensor.copy_,cuda_event_end_synchronize,18,9.140356,9.127552,3.418904,3.423700,ok
32,h2d,pageable,new_each_time,torch.Tensor.copy_,cuda_event_end_synchronize,19,9.184130,9.170688,3.402609,3.407596,ok
32,d2h,pinned,new_each_time,torch.Tensor.copy_,cuda_event_end_synchronize,0,2.577059,2.563392,12.126226,12.190879,ok
32,d2h,pinned,new_each_time,torch.Tensor.copy_,cuda_event_end_synchronize,1,2.573252,2.559072,12.144168,12.211458,ok
32,d2h,pinned,new_each_time,torch.Tensor.copy_,cuda_event_end_synchronize,2,2.568163,2.555296,12.168231,12.229503,ok
32,d2h,pinned,new_each_time,torch.Tensor.copy_,cuda_event_end_synchronize,3,2.569200,2.555712,12.163322,12.227512,ok
32,d2h,pinned,new_each_time,torch.Tensor.copy_,cuda_event_end_synchronize,4,2.568603,2.554976,12.166144,12.231035,ok
32,d2h,pinned,new_each_time,torch.Tensor.copy_,cuda_event_end_synchronize,5,2.567608,2.554112,12.170861,12.235172,ok
32,d2h,pinned,new_each_time,torch.Tensor.copy_,cuda_event_end_synchronize,6,2.568552,2.554752,12.166387,12.232107,ok
32,d2h,pinned,new_each_time,torch.Tensor.copy_,cuda_event_end_synchronize,7,2.567803,2.554240,12.169939,12.234559,ok
32,d2h,pinned,new_each_time,torch.Tensor.copy_,cuda_event_end_synchronize,8,2.567793,2.554752,12.169983,12.232107,ok
32,d2h,pinned,new_each_time,torch.Tensor.copy_,cuda_event_end_synchronize,9,2.568073,2.555008,12.168659,12.230882,ok
32,d2h,pinned,new_each_time,torch.Tensor.copy_,cuda_event_end_synchronize,10,2.568422,2.554912,12.167004,12.231341,ok
32,d2h,pinned,new_each_time,torch.Tensor.copy_,cuda_event_end_synchronize,11,2.567896,2.554240,12.169497,12.234559,ok
32,d2h,pinned,new_each_time,torch.Tensor.copy_,cuda_event_end_synchronize,12,2.568489,2.555520,12.166687,12.228431,ok
32,d2h,pinned,new_each_time,torch.Tensor.copy_,cuda_event_end_synchronize,13,2.566989,2.554304,12.173798,12.234253,ok
32,d2h,pinned,new_each_time,torch.Tensor.copy_,cuda_event_end_synchronize,14,2.568581,2.554368,12.166250,12.233946,ok
32,d2h,pinned,new_each_time,torch.Tensor.copy_,cuda_event_end_synchronize,15,2.568101,2.554816,12.168527,12.231801,ok
32,d2h,pinned,new_each_time,torch.Tensor.copy_,cuda_event_end_synchronize,16,2.567078,2.554400,12.173374,12.233793,ok
32,d2h,pinned,new_each_time,torch.Tensor.copy_,cuda_event_end_synchronize,17,2.567714,2.554688,12.170358,12.232414,ok
32,d2h,pinned,new_each_time,torch.Tensor.copy_,cuda_event_end_synchronize,18,2.568015,2.555200,12.168933,12.229962,ok
32,d2h,pinned,new_each_time,torch.Tensor.copy_,cuda_event_end_synchronize,19,2.567950,2.554368,12.169241,12.233946,ok
32,h2d,pinned,new_each_time,torch.Tensor.copy_,cuda_event_end_synchronize,0,2.741835,2.728096,11.397476,11.454875,ok
32,h2d,pinned,new_each_time,torch.Tensor.copy_,cuda_event_end_synchronize,1,2.737512,2.724128,11.415476,11.471561,ok
32,h2d,pinned,new_each_time,torch.Tensor.copy_,cuda_event_end_synchronize,2,2.736587,2.723040,11.419333,11.476144,ok
32,h2d,pinned,new_each_time,torch.Tensor.copy_,cuda_event_end_synchronize,3,2.737066,2.723776,11.417336,11.473043,ok
32,h2d,pinned,new_each_time,torch.Tensor.copy_,cuda_event_end_synchronize,4,2.736728,2.723744,11.418747,11.473178,ok
32,h2d,pinned,new_each_time,torch.Tensor.copy_,cuda_event_end_synchronize,5,2.736474,2.724064,11.419804,11.471830,ok
32,h2d,pinned,new_each_time,torch.Tensor.copy_,cuda_event_end_synchronize,6,2.737226,2.724000,11.416668,11.472100,ok
32,h2d,pinned,new_each_time,torch.Tensor.copy_,cuda_event_end_synchronize,7,2.738561,2.725120,11.411100,11.467385,ok
32,h2d,pinned,new_each_time,torch.Tensor.copy_,cuda_event_end_synchronize,8,2.737702,2.724448,11.414683,11.470214,ok
32,h2d,pinned,new_each_time,torch.Tensor.copy_,cuda_event_end_synchronize,9,2.737010,2.724096,11.417569,11.471695,ok
32,h2d,pinned,new_each_time,torch.Tensor.copy_,cuda_event_end_synchronize,10,2.737829,2.724544,11.414151,11.469809,ok
32,h2d,pinned,new_each_time,torch.Tensor.copy_,cuda_event_end_synchronize,11,2.737063,2.724320,11.417348,11.470753,ok
32,h2d,pinned,new_each_time,torch.Tensor.copy_,cuda_event_end_synchronize,12,2.736942,2.723488,11.417853,11.474256,ok
32,h2d,pinned,new_each_time,torch.Tensor.copy_,cuda_event_end_synchronize,13,2.737169,2.724224,11.416905,11.471156,ok
32,h2d,pinned,new_each_time,torch.Tensor.copy_,cuda_event_end_synchronize,14,2.737383,2.724288,11.416012,11.470887,ok
32,h2d,pinned,new_each_time,torch.Tensor.copy_,cuda_event_end_synchronize,15,2.736670,2.723616,11.418987,11.473718,ok
32,h2d,pinned,new_each_time,torch.Tensor.copy_,cuda_event_end_synchronize,16,2.736701,2.723808,11.418859,11.472908,ok
32,h2d,pinned,new_each_time,torch.Tensor.copy_,cuda_event_end_synchronize,17,2.736480,2.723296,11.419780,11.475066,ok
32,h2d,pinned,new_each_time,torch.Tensor.copy_,cuda_event_end_synchronize,18,2.737143,2.723616,11.417014,11.473718,ok
32,h2d,pinned,new_each_time,torch.Tensor.copy_,cuda_event_end_synchronize,19,2.738170,2.724640,11.412731,11.469406,ok
32,d2h,pinned,reused,torch.Tensor.copy_,cuda_event_end_synchronize,0,2.569069,2.555744,12.163939,12.227360,ok
32,d2h,pinned,reused,torch.Tensor.copy_,cuda_event_end_synchronize,1,2.567261,2.553824,12.172504,12.236552,ok
32,d2h,pinned,reused,torch.Tensor.copy_,cuda_event_end_synchronize,2,2.567324,2.554272,12.172208,12.234406,ok
32,d2h,pinned,reused,torch.Tensor.copy_,cuda_event_end_synchronize,3,2.567525,2.554112,12.171254,12.235172,ok
32,d2h,pinned,reused,torch.Tensor.copy_,cuda_event_end_synchronize,4,2.566848,2.554368,12.174465,12.233946,ok
32,d2h,pinned,reused,torch.Tensor.copy_,cuda_event_end_synchronize,5,2.566713,2.554080,12.175105,12.235325,ok
32,d2h,pinned,reused,torch.Tensor.copy_,cuda_event_end_synchronize,6,2.565526,2.553472,12.180736,12.238239,ok
32,d2h,pinned,reused,torch.Tensor.copy_,cuda_event_end_synchronize,7,2.566010,2.553440,12.178442,12.238392,ok
32,d2h,pinned,reused,torch.Tensor.copy_,cuda_event_end_synchronize,8,2.567309,2.553984,12.172279,12.235786,ok
32,d2h,pinned,reused,torch.Tensor.copy_,cuda_event_end_synchronize,9,2.566705,2.553792,12.175145,12.236705,ok
32,d2h,pinned,reused,torch.Tensor.copy_,cuda_event_end_synchronize,10,2.566241,2.553856,12.177346,12.236399,ok
32,d2h,pinned,reused,torch.Tensor.copy_,cuda_event_end_synchronize,11,2.567877,2.554240,12.169586,12.234559,ok
32,d2h,pinned,reused,torch.Tensor.copy_,cuda_event_end_synchronize,12,2.567154,2.554240,12.173012,12.234559,ok
32,d2h,pinned,reused,torch.Tensor.copy_,cuda_event_end_synchronize,13,2.568400,2.556160,12.167110,12.225369,ok
32,d2h,pinned,reused,torch.Tensor.copy_,cuda_event_end_synchronize,14,2.566629,2.553600,12.175503,12.237625,ok
32,d2h,pinned,reused,torch.Tensor.copy_,cuda_event_end_synchronize,15,2.566919,2.554496,12.174129,12.233333,ok
32,d2h,pinned,reused,torch.Tensor.copy_,cuda_event_end_synchronize,16,2.571268,2.558272,12.153537,12.215277,ok
32,d2h,pinned,reused,torch.Tensor.copy_,cuda_event_end_synchronize,17,2.578151,2.564992,12.121088,12.183274,ok
32,d2h,pinned,reused,torch.Tensor.copy_,cuda_event_end_synchronize,18,2.570077,2.557856,12.159170,12.217263,ok
32,d2h,pinned,reused,torch.Tensor.copy_,cuda_event_end_synchronize,19,2.567188,2.554336,12.172853,12.234099,ok
32,h2d,pinned,reused,torch.Tensor.copy_,cuda_event_end_synchronize,0,2.739050,2.726816,11.409063,11.460253,ok
32,h2d,pinned,reused,torch.Tensor.copy_,cuda_event_end_synchronize,1,2.736215,2.724032,11.420888,11.471965,ok
32,h2d,pinned,reused,torch.Tensor.copy_,cuda_event_end_synchronize,2,2.736734,2.723840,11.418719,11.472774,ok
32,h2d,pinned,reused,torch.Tensor.copy_,cuda_event_end_synchronize,3,2.736005,2.723488,11.421763,11.474256,ok
32,h2d,pinned,reused,torch.Tensor.copy_,cuda_event_end_synchronize,4,2.735868,2.723552,11.422334,11.473987,ok
32,h2d,pinned,reused,torch.Tensor.copy_,cuda_event_end_synchronize,5,2.736930,2.724192,11.417903,11.471292,ok
32,h2d,pinned,reused,torch.Tensor.copy_,cuda_event_end_synchronize,6,2.737007,2.724096,11.417581,11.471695,ok
32,h2d,pinned,reused,torch.Tensor.copy_,cuda_event_end_synchronize,7,2.735979,2.723168,11.421872,11.475605,ok
32,h2d,pinned,reused,torch.Tensor.copy_,cuda_event_end_synchronize,8,2.735619,2.723168,11.423373,11.475605,ok
32,h2d,pinned,reused,torch.Tensor.copy_,cuda_event_end_synchronize,9,2.737911,2.724896,11.413810,11.468328,ok
32,h2d,pinned,reused,torch.Tensor.copy_,cuda_event_end_synchronize,10,2.735297,2.722528,11.424718,11.478303,ok
32,h2d,pinned,reused,torch.Tensor.copy_,cuda_event_end_synchronize,11,2.737889,2.725312,11.413903,11.466577,ok
32,h2d,pinned,reused,torch.Tensor.copy_,cuda_event_end_synchronize,12,2.740441,2.727808,11.403275,11.456085,ok
32,h2d,pinned,reused,torch.Tensor.copy_,cuda_event_end_synchronize,13,2.743581,2.730336,11.390222,11.445478,ok
32,h2d,pinned,reused,torch.Tensor.copy_,cuda_event_end_synchronize,14,2.742339,2.728832,11.395382,11.451786,ok
32,h2d,pinned,reused,torch.Tensor.copy_,cuda_event_end_synchronize,15,2.739434,2.726496,11.407465,11.461598,ok
32,h2d,pinned,reused,torch.Tensor.copy_,cuda_event_end_synchronize,16,2.738219,2.725696,11.412529,11.464961,ok
32,h2d,pinned,reused,torch.Tensor.copy_,cuda_event_end_synchronize,17,2.740776,2.728736,11.401880,11.452189,ok
32,h2d,pinned,reused,torch.Tensor.copy_,cuda_event_end_synchronize,18,2.736512,2.723904,11.419648,11.472505,ok
32,h2d,pinned,reused,torch.Tensor.copy_,cuda_event_end_synchronize,19,2.735387,2.722784,11.424345,11.477223,ok
